Product code,Product name,Category,Sub category,Season,Cost price (EUR),RRP (EUR),WKs active (to date),Launch date,Product count,Sales U BR,Sales € BR (EUR),Sales U AR,Sales € AR (EUR),ST % (to date),Avg weekly ST % (all time),TROS BR Avg,First 3 WK ROS,GP %,RR %,"RR % (units, all time)",Returns U,ATS U,Stock U
24-2-SU24-6-100,Liquid Jersey Scarf | Black,Scarves,Liquid,Carry over,3.63,25,59,22/1/2025,1,"1,607","34,311","1,594","34,046",67%,1%,125.7,54,83.80%,1%,2%,13,"6,605","5,011"
24-2-SU24-6-461,Liquid Jersey Scarf | Vintage Purple,Scarves,Liquid,Fall25.2,5.62,25,7,21/1/2026,1,"1,248","26,405","1,169","24,773",100%,12%,92.6,285.7,75.70%,6%,4%,79,"1,179",10
24-2-FA24-25-162,Bamboo Jersey Scarf | Dark Brown,Scarves,Bamboo,Fall25.1,7,29,7,21/1/2026,1,"1,190","29,350","1,153","28,437",53%,7%,93.3,200.7,74.10%,3%,3%,37,"4,130","2,977"
23-2-FA23-8-439,Premium Jersey Scarf | Dark Cherry,Scarves,Premium,Fall25.2,5.76,25,7,21/1/2026,1,"1,030","22,029",971,"20,833",100%,13%,92.2,363,78.00%,6%,4%,59,973,2
24-2-SU24-6-451,Liquid Jersey Scarf | Burnt Red,Scarves,Liquid,Fall25.2,5.62,25,7,21/1/2026,1,915,"19,452",886,"18,833",73%,10%,71.9,126.3,76.50%,3%,4%,29,"2,026","1,140"
23-2-FA23-8-131,Premium Jersey Scarf | Chocolate,Scarves,Premium,Fall25.1,5.76,25,7,21/1/2026,1,866,"18,295",831,"17,574",61%,8%,65.3,125.7,75.20%,4%,4%,35,"4,123","3,292"
23-2-FA23-8-469,Premium Jersey Scarf | Ash Brown,Scarves,Premium,Fall25.1,5.76,25,20,21/10/2025,1,860,"18,003",826,"17,323",85%,4%,72.1,940,72.60%,4%,4%,34,"1,803",977
23-2-FA23-8-100,Premium Jersey Scarf | Black,Scarves,Premium,Carry over,6.49,25,59,22/1/2025,1,813,"17,431",783,"16,792",65%,1%,75.9,139.3,73.40%,4%,3%,30,"14,455","13,672"
24-2-FA24-25-100,Bamboo Jersey Scarf | Black,Scarves,Bamboo,Fall25.1,7.27,29,52,10/3/2025,1,770,"19,017",753,"18,609",46%,1%,60.7,181.7,72.80%,2%,3%,17,"5,319","4,566"
24-2-SU24-6-162,Liquid Jersey Scarf | Dark Brown,Scarves,Liquid,Fall25.1,5.62,25,20,21/10/2025,1,778,"16,495",735,"15,579",100%,5%,92.2,612.3,74.10%,6%,5%,43,734,-1
24-2-FA24-18-162,The Unique Flock Premium | Dark Brown,Scarves,Decorative,Fall25.1,5.85,45,20,21/10/2025,1,736,"27,282",715,"26,492",99%,5%,51.3,1,84.20%,3%,3%,21,741,26
24-2-SU24-6-366,Liquid Jersey Scarf | Dark Pearl,Scarves,Liquid,Spring25.2,5.76,25,7,21/1/2026,1,559,"11,817",535,"11,317",58%,8%,44.2,84.7,74.60%,4%,5%,24,"1,778","1,243"
23-2-FA23-8-452,Premium Jersey Scarf | Marron,Scarves,Premium,Fall25.1,5.76,25,20,21/10/2025,1,546,"11,423",522,"10,967",94%,5%,44.7,712.7,72.60%,4%,5%,24,814,292
24-2-SU24-6-131,Liquid Jersey Scarf | Chocolate,Scarves,Liquid,Fall25.1,5.62,25,20,21/10/2025,1,483,"10,180",467,"9,919",59%,3%,39.3,431.3,73.80%,3%,4%,16,"2,326","1,859"
23-2-FA23-8-450,Premium Jersey Scarf | Mushroom,Scarves,Premium,Fall25.2,5.76,25,16,17/11/2025,1,460,"9,727",430,"9,118",96%,6%,37.6,50.7,74.40%,7%,5%,30,539,109
24-L-41-102,Magnetic Gift Box | Off White,Operational supplies,(none),(none),1.51,5,51,22/3/2025,1,416,790,415,790,70%,1%,94.7,234,21.80%,0%,3%,1,"1,352",937
23-2-FA23-7-439,Breathable Jersey Scarf | Dark Cherry,Scarves,Breathable,Fall25.1,7.17,39,20,21/10/2025,1,401,"12,983",385,"12,466",61%,3%,48.6,245,77.90%,4%,5%,16,"1,733","1,348"
23-2-FA23-8-324,Premium Jersey Scarf | Mink,Scarves,Premium,Carry over,5.98,25,7,21/1/2026,1,401,"8,536",370,"7,897",71%,9%,33.4,101.7,74.70%,8%,7%,31,"2,784","2,414"
23-2-FA23-8-111,Premium Jersey Scarf | Latte,Scarves,Premium,Carry over,5.91,25,7,21/1/2026,1,379,"7,992",364,"7,681",46%,6%,30.3,31.7,73.80%,4%,25%,15,"2,472","2,108"
23-2-FA23-8-446,Premium Jersey Scarf | Smoked Green,Scarves,Premium,Fall25.1,5.76,25,20,21/10/2025,1,352,"7,305",343,"7,111",79%,4%,44,269.7,72.20%,3%,4%,9,859,516
23-2-FA23-13-100,The Unique - Premium Jersey | Black,Scarves,Decorative scarves,Carry over,10.53,55,20,21/10/2025,1,323,"14,896",311,"14,311",75%,4%,34,201,78.50%,4%,4%,12,"2,230","1,919"
23-2-FA23-8-278,Premium Jersey Scarf | Off White,Scarves,Premium,Fall25.1,5.87,25,7,21/1/2026,1,319,"6,778",310,"6,590",72%,9%,25,37.3,74.40%,3%,11%,9,"1,137",827
25-2-FA25-17-100,The Monogram Flock Scarf Premium | Black,Scarves,Decorative,Fall25.1,5.69,45,17,14/11/2025,1,309,"11,683",308,"11,646",45%,3%,23.9,130.7,85.40%,0%,2%,1,"1,951","1,643"
Shopify NL::gift-card,MERRACHI E-Gift Card,(none),(none),(none),0,0,0,Not yet launched,1,305,"27,998",305,"27,998",100%,0%,91,0,100.00%,0%,0%,0,305,0
23-2-FA23-13-469,The Unique - Premium Jersey | Ash Brown,Scarves,Decorative,Fall25.1,9.5,55,7,21/1/2026,1,294,"13,451",284,"13,032",46%,6%,29.8,78.3,80.20%,3%,3%,10,"2,234","1,950"
24-2-SP24-6-100,Premium Jersey Khimaar | Black,Hijab/khimaar,Khimaar,Carry over,9.61,49,59,22/1/2025,1,273,"11,160",253,"10,354",83%,1%,18.7,14.3,77.60%,7%,9%,20,572,319
24-2-SU24-6-459,Liquid Jersey Scarf | Basil,Scarves,Liquid,Fall25.1,5.62,25,20,21/10/2025,1,259,"5,386",249,"5,200",98%,5%,31.2,245.7,73.10%,4%,3%,10,286,37
24-2-FA24-25-324,Bamboo Jersey Scarf | Mink,Scarves,Bamboo,Fall25.2,7,29,16,17/11/2025,1,259,"6,294",248,"6,039",58%,4%,22.3,54.3,72.20%,4%,5%,11,"1,022",774
23-2-FA23-8-248,Premium Jersey Scarf | Deep Brown,Scarves,Premium,Fall25.2,6.46,25,20,21/10/2025,1,248,"5,197",236,"4,939",51%,2%,30.2,212.7,69.10%,5%,7%,12,"3,118","2,882"
23-2-FA23-8-453,Premium Jersey Scarf | Light Plum,Scarves,Premium,Fall25.1,5.76,25,20,21/10/2025,1,241,"5,005",230,"4,777",49%,2%,18.8,235.7,72.30%,5%,6%,11,"1,613","1,383"
23-2-FA23-13-131,The Unique - Premium Jersey | Chocolate,Scarves,Decorative,Fall25.1,9.5,55,20,21/10/2025,1,234,"10,987",228,"10,705",52%,3%,17.6,209.3,81.50%,3%,5%,6,"1,270","1,042"
23-2-FA23-8-112,Premium Jersey Scarf | Elephant,Scarves,Premium,Spring25.2,5.91,25,7,21/1/2026,1,239,"5,151",227,"4,893",55%,7%,18.8,35,81.60%,5%,5%,12,"1,411","1,184"
24-2-SU24-6-324,Liquid Jersey Scarf | Mink,Scarves,Liquid,Carry over,5.78,25,73,17/10/2024,1,228,"4,926",219,"4,735",48%,1%,19.5,269,78.50%,4%,9%,9,"2,145","1,926"
23-2-FA23-8-441,Premium Jersey Scarf | Fig,Scarves,Premium,Fall25.2,5.76,25,16,17/11/2025,1,227,"4,716",213,"4,426",87%,5%,28.1,68,72.30%,6%,6%,14,399,186
24-2-FA24-25-452,Bamboo Jersey Scarf | Marron,Scarves,Bamboo,Fall25.2,7,29,16,17/11/2025,1,216,"5,240",202,"4,905",61%,4%,17.4,105,71.20%,6%,5%,14,"1,089",887
23-2-FA23-8-187,Premium Jersey Scarf | Dark Lavender,Scarves,Premium,Spring25.1,6.49,25,7,21/1/2026,1,200,"4,168",198,"4,126",66%,9%,19.1,23.3,69.50%,1%,7%,2,"1,767","1,569"
24-2-SU24-7-100,Premium Jersey Prayer Skirt | Black,Bottoms,Skirts,Carry over,11.52,49,26,12/9/2025,1,217,"8,861",196,"8,012",72%,3%,14.7,0.3,72.70%,10%,18%,21,582,386
23-2-FA23-8-445,Premium Jersey Scarf | Dried Leaf,Scarves,Premium,Fall25.2,5.76,25,16,17/11/2025,1,202,"4,201",195,"4,049",35%,2%,16.2,19,73.50%,3%,5%,7,"1,209","1,014"
25-2-SP25-6-278,Soft Rayon Top | Off White,Tops,Blouse,Spring25.1,15.41,64,7,21/1/2026,1,241,"12,901",194,"10,397",83%,11%,16.3,43,76.10%,20%,26%,47,280,86
23-2-FA23-8-449,Premium Jersey Scarf | Chai,Scarves,Premium,Fall25.1,5.76,25,20,21/10/2025,1,203,"4,281",188,"3,966",43%,2%,15.9,345,72.50%,7%,7%,15,"2,543","2,355"
25-4-FA25-14-436,Merrachi Water Bottle | Porcelain,Accessories,Misc,Fall25.1,3.31,39,2,27/2/2026,1,188,"6,085",188,"6,085",36%,14%,34.9,70.3,90.00%,0%,0%,0,528,340
23-2-FA23-8-447,Premium Jersey Scarf | Warm Olive,Scarves,Premium,Fall25.1,5.76,25,20,21/10/2025,1,191,"3,936",183,"3,791",75%,4%,16.5,273,72.20%,4%,4%,8,806,623
24-4-FA24-3-131,Oval Tote Bag | Chocolate,Accessories,Tote bags,Fall25.1,5.1,39,20,21/10/2025,1,182,"5,878",179,"5,776",99%,5%,21,182.7,84.20%,2%,5%,3,195,16
23-2-FA23-7-100,Breathable Jersey Scarf | Black,Scarves,Breathable,Carry over,7.74,39,59,22/1/2025,1,187,"6,239",176,"5,871",68%,1%,15.9,17,77.10%,6%,12%,11,"3,093","2,917"
23-2-FA23-8-193,Premium Jersey Scarf | Soft Bordeaux,Scarves,Premium,Carry over,6.49,25,50,24/3/2025,1,179,"3,669",176,"3,606",72%,1%,16.4,28,68.50%,2%,7%,3,"1,375","1,199"
24-2-FA24-25-176,Bamboo Jersey Scarf | Dusty Bone,Scarves,Bamboo,Fall25.2,7,29,16,17/11/2025,1,184,"4,424",176,"4,221",39%,2%,14.4,28,70.80%,4%,5%,8,"1,262","1,086"
24-2-FA24-25-454,Bamboo Jersey Scarf | Dark Pistachio,Scarves,Bamboo,Fall25.1,7,29,7,21/1/2026,1,179,"4,472",171,"4,275",41%,5%,13.7,26.3,78.10%,4%,6%,8,"1,195","1,024"
23-1-FA23-12-102,City Girl Bag | Off White,Accessories,Tote bag,Carry over,6.27,24,20,21/10/2025,1,171,"3,416",168,"3,356",72%,4%,41.4,69.7,68.60%,2%,5%,3,519,351
24-2-SU24-6-253,Liquid Jersey Scarf | Powder,Scarves,Liquid,Fall25.2,5.62,25,16,17/11/2025,1,173,"3,609",164,"3,418",52%,3%,13.5,19.3,73.70%,5%,6%,9,698,534
24-2-SU24-6-458,Liquid Jersey Scarf | Toffee,Scarves,Liquid,Fall25.1,5.62,25,20,21/10/2025,1,169,"3,537",164,"3,434",82%,4%,14.8,329.3,73.50%,3%,7%,5,538,374
24-2-FA24-25-440,Bamboo Jersey Scarf | White Honey,Scarves,Bamboo,Fall25.1,7,29,20,21/10/2025,1,170,"4,039",159,"3,870",85%,4%,20.7,44.7,71.20%,6%,6%,11,241,82
24-2-FA24-25-436,Bamboo Jersey Scarf | Porcelain,Scarves,Bamboo,Fall25.1,7,29,20,21/10/2025,1,170,"4,163",156,"3,824",57%,3%,14.4,38.7,71.40%,8%,6%,14,653,497
25-2-SP25-4-278,Soft Rayon Dress | Off White,Dresses,Casual,Spring25.1,21.4,89,7,21/1/2026,1,207,"15,410",152,"11,351",91%,11%,16.9,46.7,74.50%,27%,36%,55,183,31
23-2-FA23-7-162,Breathable Jersey Scarf | Dark Brown,Scarves,Breathable,Carry over,7.74,39,20,21/10/2025,1,161,"5,304",149,"4,916",67%,3%,13.5,240.7,77.60%,7%,5%,12,"1,199","1,050"
24-4-SP24-1-467,"Hijab 3 Pin Set | Brown, Khaki, Cherry",Accessories,Hijab pins,Fall25.1,4.92,19,20,21/10/2025,1,148,"2,362",144,"2,299",79%,4%,34.6,88.3,69.20%,3%,3%,4,311,167
24-2-SU24-6-111,Liquid Jersey Scarf | Latte,Scarves,Liquid,Fall25.1,5.62,25,7,21/1/2026,1,145,"3,051",136,"2,856",39%,5%,15.3,36,74.40%,6%,7%,9,"1,593","1,457"
25-2-SP25-5-278,Soft Rayon Pants | Off White,Bottoms,Pants,Spring25.1,16.61,69,7,21/1/2026,1,162,"9,293",134,"7,704",58%,7%,10.8,28.3,76.30%,17%,25%,28,344,210
24-1-SP24-18-307,Kaftan Dress Regular | Dark Rose,Dresses,Occasion,Spring25.2,16.55,129,7,21/1/2026,1,133,"13,378",132,"13,270",69%,10%,13.8,0.3,83.70%,1%,40%,1,829,697
24-2-SU24-6-372,Liquid Jersey Scarf | Nougat,Scarves,Liquid,Spring25.1,5.72,25,52,10/3/2025,1,140,"2,908",131,"2,720",60%,1%,14.2,77,72.70%,6%,22%,9,"1,618","1,487"
23-2-FA23-7-258,Breathable Jersey Scarf | Cashmere,Scarves,Breathable,Carry over,7.7,39,41,28/5/2025,1,140,"4,607",126,"4,156",73%,2%,14.7,44,78.50%,10%,11%,14,"1,193","1,067"
24-2-SU24-6-441,Liquid Jersey Scarf | Fig,Scarves,Liquid,Fall25.2,5.62,25,16,17/11/2025,1,129,"2,654",123,"2,530",65%,4%,11.1,48.7,72.70%,5%,7%,6,604,481
23-2-FA23-8-253,Premium Jersey Scarf | Powder,Scarves,Premium,Fall25.2,5.76,25,16,17/11/2025,1,128,"2,671",121,"2,521",46%,3%,10.6,38,72.80%,5%,6%,7,809,688
24-2-SU24-6-437,Liquid Jersey Scarf | Desert Clay,Scarves,Liquid,Fall25.1,5.62,25,20,21/10/2025,1,121,"2,535",119,"2,494",50%,2%,10.6,159.7,73.60%,2%,8%,2,"1,040",921
25-4-FA25-14-437,Merrachi Water Bottle | Desert Clay,Accessories,Misc,Fall25.1,3.31,39,2,27/2/2026,1,118,"3,926",118,"3,926",53%,19%,34.9,38.3,91.70%,0%,0%,0,224,106
23-2-FA23-12-100,Essential Jersey Dress Regular | Black,Dresses,Essential,Carry over,14.96,89,11,22/12/2025,1,126,"9,090",117,"8,531",99%,8%,21.9,-22.3,79.50%,7%,15%,9,217,100
24-2-FA24-18-437,The Unique Flock Premium | Desert Clay,Scarves,Decorative scarves,Fall25.1,6.06,45,20,21/10/2025,1,117,"4,407",114,"4,296",97%,5%,13.1,108.7,84.10%,3%,6%,3,138,24
24-2-FA24-25-278,Bamboo Jersey Scarf | Off White,Scarves,Bamboo,Spring25.1,7.27,29,52,10/3/2025,1,125,"3,101",114,"2,836",74%,1%,9.8,83,76.20%,9%,9%,11,820,706
23-2-FA23-8-448,Premium Jersey Scarf | Wood Brown,Scarves,Premium,Fall25.1,5.76,25,16,17/11/2025,1,123,"2,538",113,"2,331",25%,2%,11.5,46,72.10%,8%,8%,10,"2,318","2,205"
23-2-FA23-7-457,Breathable Jersey Scarf | Red Grape,Scarves,Breathable,Fall25.1,7.17,39,20,21/10/2025,1,121,"3,899",110,"3,521",66%,3%,9.6,253.3,79.20%,9%,16%,11,720,610
25-2-FA25-17-452,The Monogram Flock Scarf Premium | Marron,Scarves,Decorative,Fall25.1,5.69,45,17,14/11/2025,1,113,"4,243",108,"4,057",99%,6%,12.4,84.3,84.90%,4%,4%,5,113,5
24-2-SU24-6-456,Liquid Jersey Scarf | Red Wood,Scarves,Liquid,Fall25.2,5.62,25,16,17/11/2025,1,121,"2,563",107,"2,294",77%,5%,10,106,75.30%,12%,6%,14,505,398
25-1-SP25-36-307,Kaftan Dress Short | Dark Rose,Dresses,Occasion,Spring25.2,15.53,129,7,21/1/2026,1,110,"11,802",106,"11,372",34%,6%,11.6,2.3,85.50%,4%,38%,4,800,694
24-2-SU24-6-387,Liquid Jersey Scarf | Aqua Gray,Scarves,Liquid,Spring25.2,5.76,25,7,21/1/2026,1,107,"2,232",104,"2,169",73%,9%,13.1,15,72.70%,3%,12%,3,899,795
24-2-FA24-25-239,Bamboo Jersey Scarf | Sage,Scarves,Bamboo,Fall25.1,7,29,20,21/10/2025,1,103,"2,488",100,"2,415",67%,3%,12.1,33.3,71.00%,3%,6%,3,272,172
26-4-GB-13-314,Unity Limited Edition Scarf Gift Box | Multi Color,Scarves,Decorative,(none),6.58,130,2,27/2/2026,1,100,"10,834",100,"10,834",16%,6%,55,36.7,93.90%,0%,0%,0,630,530
24-2-FA24-25-447,Bamboo Jersey Scarf | Warm Olive,Scarves,Bamboo,Fall25.1,7,29,20,21/10/2025,1,101,"2,413",96,"2,316",32%,2%,25.4,95,71.00%,5%,4%,5,"1,706","1,610"
24-4-FA24-3-439,Oval Tote Bag | Dark Cherry,Accessories,Tote bags,Fall25.2,5.1,39,16,17/11/2025,1,95,"3,064",94,"3,032",78%,5%,24,50,84.20%,1%,5%,1,283,189
24-2-FA24-25-366,Bamboo Jersey Scarf | Dark Pearl,Scarves,Bamboo,Spring25.2,7.33,29,7,21/1/2026,1,102,"2,460",92,"2,218",36%,5%,9.5,19.3,69.60%,10%,11%,10,"1,493","1,401"
23-2-FA23-8-355,Premium Jersey Scarf | Desert Brown,Scarves,Premium,Spring25.1,5.87,25,7,21/1/2026,1,90,"1,872",90,"1,872",35%,5%,11.4,0.3,72.40%,0%,8%,0,"1,299","1,209"
26-L-07-541,Merrachi Gift Box | Pink,Operational supplies,Shipping materials,(none),3.15,8,1,6/3/2026,1,87,580,87,580,30%,37%,145,72.5,52.70%,0%,0%,0,286,199
24-4-SP24-1-319,Hijab 3 Pin Set | Triple Black,Accessories,Hijab pins,Carry over,5.45,19,20,21/10/2025,1,87,"1,346",85,"1,308",56%,3%,7.4,27.7,65.00%,2%,5%,2,869,784
23-2-FA23-8-405,Premium Jersey Scarf | Lake,Scarves,Premium,Carry over,6.11,25,40,5/6/2025,1,84,"1,759",83,"1,738",100%,2%,17.6,30.3,70.80%,1%,6%,1,83,0
24-2-FA24-21-374,Bamboo Tied Underscarf | Khaki,Scarves,Underscarf,Fall25.1,2.6,19,20,21/10/2025,1,82,"1,311",81,"1,295",85%,4%,6.3,18.7,84.30%,1%,5%,1,128,47
25-4-FA25-14-374,Merrachi Water Bottle | Khaki,Accessories,Misc,Fall25.1,3.31,39,2,27/2/2026,1,82,"2,640",80,"2,569",38%,14%,12.2,23.7,91.00%,2%,2%,2,208,128
26-L-07-542,Merrachi Gift Box | Brown,Operational supplies,Shipping materials,(none),3.15,8,1,6/3/2026,1,80,530,80,530,19%,25%,171,85.5,52.40%,0%,0%,0,427,347
23-1-FA23-12-439,City Girl Bag | Dark Cherry,Accessories,Tote bags,Fall25.2,6.57,24,16,17/11/2025,1,80,"1,674",77,"1,610",91%,5%,7.2,19,77.60%,4%,2%,3,116,39
24-2-FA24-25-456,Bamboo Jersey Scarf | Red Wood,Scarves,Bamboo,Fall25.2,7,29,16,17/11/2025,1,80,"1,858",75,"1,733",28%,2%,6.7,43,70.90%,6%,8%,5,"1,764","1,689"
24-2-FA24-4-162,Neoprene Bomber | Dark Brown,Outerwear,Bomber,Fall25.2,21.78,99,16,17/11/2025,1,100,"7,874",72,"5,629",56%,3%,17,7.7,72.90%,28%,22%,28,508,436
24-2-FA24-25-437,Bamboo Jersey Scarf | Desert Clay,Scarves,Bamboo,Fall25.1,7,29,7,21/1/2026,1,82,"1,876",72,"1,631",37%,5%,6.5,15.7,72.10%,12%,13%,10,"1,148","1,076"
25-2-FA25-13-439,High Neck Tee | Dark Cherry,Tops,Ls top,Fall25.1,10.46,59,20,21/10/2025,1,112,"5,420",69,"3,290",89%,4%,9.5,75,79.30%,38%,27%,43,159,90
23-2-FA23-8-307,Premium Jersey Scarf | Dark Rose,Scarves,Premium,Carry over,5.91,25,7,21/1/2026,1,68,"1,391",68,"1,391",62%,8%,7.3,1.3,71.50%,0%,31%,0,686,618
24-2-FA24-18-324,The Unique Flock Premium | Mink,Scarves,Decorative scarves,Carry over,6.44,45,16,17/11/2025,1,75,"2,835",68,"2,558",100%,6%,15.3,41.3,83.10%,9%,8%,7,68,0
23-2-FA23-8-437,Premium Jersey Scarf | Desert Clay,Scarves,Premium,Fall25.2,5.76,25,16,17/11/2025,1,73,"1,511",66,"1,368",29%,2%,7,24.3,72.60%,10%,7%,7,"1,012",946
25-1-SP25-37-307,Satin Trim Blouse | Dark Rose,Tops,Blouse,Spring25.2,11.48,69,7,21/1/2026,1,65,"3,653",65,"3,653",44%,6%,6.1,0,79.60%,0%,36%,0,675,610
25-2-SP25-9-162,Essential Jersey Dress Short | Dark Brown,Dresses,Essential,Fall25.1,8.89,89,20,21/10/2025,1,94,"7,010",65,"4,852",94%,5%,8.9,75,88.30%,31%,24%,29,95,30
24-2-SU24-6-389,Liquid Jersey Scarf | Purple Fog,Scarves,Liquid,Spring25.2,5.76,25,7,21/1/2026,1,62,"1,306",62,"1,306",52%,7%,9.1,0,74.90%,0%,22%,0,"1,135","1,073"
25-2-FA25-13-162,High Neck Tee | Dark Brown,Tops,Ls top,Fall25.1,10.46,59,20,21/10/2025,1,92,"4,660",61,"3,125",88%,4%,10.6,83.7,83.30%,34%,26%,31,159,98
25-2-FA25-13-100,High Neck Tee | Black,Tops,Ls top,Fall25.2,10.42,59,19,28/10/2025,1,93,"4,484",59,"2,834",86%,4%,8.2,95.7,78.30%,37%,23%,34,123,64
25-2-SP25-9-100,Essential Jersey Dress Short | Black,Dresses,Essential,Fall25.1,9.44,89,24,22/9/2025,1,84,"6,181",59,"4,324",42%,2%,8.7,4,87.10%,30%,40%,25,"1,531","1,472"
25-2-FA25-16-439,Logo Satin Edge Scarf Premium | Dark Cherry,Scarves,Premium,Fall25.2,6.86,59,16,17/11/2025,1,58,"2,958",58,"2,958",44%,3%,4.5,14.3,88.90%,0%,7%,0,307,249
25-1-SP25-38-307,Satin Trim Trouser | Dark Rose,Bottoms,Pants,Spring25.2,12.68,69,7,21/1/2026,1,58,"3,254",58,"3,254",41%,7%,5.2,0,77.40%,0%,39%,0,729,671
25-2-FA25-11-100,Modal Jersey Top | Black,Tops,Ls top,Fall25.1,9.76,59,20,21/10/2025,1,64,"3,097",51,"2,461",89%,4%,5.2,174.3,81.00%,20%,19%,13,165,114
23-2-FA23-7-263,Breathable Jersey Scarf | Lilac,Scarves,Breathable,Carry over,7.7,39,41,28/5/2025,1,50,"1,576",48,"1,511",98%,2%,11.8,18.7,75.50%,4%,7%,2,77,29
24-2-FA24-25-111,Bamboo Jersey Scarf | Latte,Scarves,Bamboo,Fall25.2,7,29,16,17/11/2025,1,51,"1,233",48,"1,161",48%,3%,6.8,13,71.10%,6%,7%,3,303,255
25-2-FA25-15-162,Logo Satin Edge Scarf Bamboo | Dark Brown,Scarves,Bamboo,Fall25.1,6.86,59,20,21/10/2025,1,50,"2,078",47,"1,930",96%,5%,4.3,76,84.00%,6%,11%,3,64,17
25-2-FA25-14-100,Modal Jersey Dress | Black,Dresses,Casual,Fall25.1,12.57,79,20,21/10/2025,1,52,"3,396",45,"2,939",32%,2%,6.5,48,82.00%,13%,18%,7,791,746
24-2-FA24-25-442,Bamboo Jersey Scarf | Toast,Scarves,Bamboo,Fall25.1,7,29,20,21/10/2025,1,45,"1,168",43,"1,120",29%,1%,4.3,17.3,83.80%,4%,8%,2,398,355
25-2-FA25-11-374,Modal Jersey Top | Khaki,Tops,Ls top,Fall25.1,9.76,59,20,21/10/2025,1,54,"2,533",42,"2,142",64%,3%,6.2,155,81.30%,22%,19%,12,442,400
24-2-FA24-4-439,Neoprene Bomber | Dark Cherry,Outerwear,Bomber,Fall25.1,21.78,99,20,21/10/2025,1,58,"4,754",42,"3,441",56%,3%,8,142.3,74.10%,28%,26%,16,550,508
24-1-SP24-18-283,Kaftan Dress Regular | Soft Khaki,Dresses,(none),Carry over,18.02,129,52,12/3/2025,1,44,"4,596",42,"4,415",95%,2%,10.1,210.7,82.90%,5%,23%,2,129,87
23-2-FA23-12-374,Essential Jersey Dress Regular | Khaki,Dresses,Essential,Fall25.2,12.26,89,11,22/12/2025,1,52,"3,770",40,"2,891",13%,1%,5,3.3,83.00%,23%,17%,12,927,887
23-2-FA23-8-442,Premium Jersey Scarf | Toast,Scarves,Premium,Fall25.1,5.76,25,20,21/10/2025,1,43,888,40,826,37%,2%,3.5,36,72.10%,7%,6%,3,498,458
23-2-FA23-7-423,Breathable Jersey Scarf | Cloud Pink,Scarves,Breathable,Carry over,7.64,39,40,5/6/2025,1,43,"1,311",40,"1,230",93%,2%,10.2,16,75.10%,7%,11%,3,142,102
25-2-FA25-15-374,Logo Satin Edge Scarf Bamboo | Khaki,Scarves,Bamboo,Fall25.1,6.86,59,20,21/10/2025,1,41,"2,026",39,"1,929",65%,3%,3.1,51.7,86.50%,5%,12%,2,208,169
23-2-FA23-7-410,Breathable Jersey Scarf | Cloud Rose,Scarves,Breathable,Carry over,7.64,39,40,5/6/2025,1,42,"1,344",38,"1,237",79%,2%,11,14,76.50%,10%,11%,4,336,298
24-1-SU24-8-451,Weightless Woven Scarf | Burnt Red,Scarves,Modal,Fall25.2,3.76,25,16,17/11/2025,1,40,830,38,788,47%,3%,3.4,13,81.90%,5%,7%,2,302,264
23-2-FA23-10-147,The Pearl Monogram - Premium Jersey | Pastel Orange,Scarves,Decorative scarves,Carry over,9.24,55,41,28/5/2025,1,39,"1,792",38,"1,747",82%,2%,10,23.7,79.90%,3%,7%,1,423,385
24-2-SU24-6-384,Liquid Jersey Scarf | Lilac Marble,Scarves,Liquid,Spring25.2,5.76,25,7,21/1/2026,1,38,808,38,808,50%,7%,7.3,0,76.50%,0%,35%,0,"1,055","1,017"
25-1-FA25-5-162,Shawl Dress | Dark Brown,Dresses,Occasion,Fall25.2,13.63,119,16,17/11/2025,1,57,"5,602",37,"3,607",50%,3%,4.9,12,86.80%,35%,29%,20,291,254
25-2-FA25-10-454,The Monogram Flock Bamboo | Dark Pistachio,Scarves,Decorative scarves,Fall25.1,6.8,45,20,21/10/2025,1,36,"1,344",36,"1,344",67%,3%,8.6,48.7,81.80%,0%,3%,0,196,160
25-2-FA25-14-374,Modal Jersey Dress | Khaki,Dresses,Casual,Fall25.1,12.57,79,20,21/10/2025,1,51,"3,295",36,"2,294",35%,2%,6.6,86.7,83.60%,29%,25%,15,861,825
25-2-FA25-18-162,The Casual Pants | Dark Brown,Bottoms,Pants,Fall25.2,11.42,69,11,23/12/2025,1,51,"2,829",36,"1,960",52%,4%,3.6,78,81.90%,29%,26%,15,268,232
23-2-FA23-8-114,Premium Jersey Scarf | Light Caramel,Scarves,Premium,Carry over,6.49,25,16,17/11/2025,1,37,789,35,748,24%,1%,3,7.3,74.80%,5%,6%,2,617,582
25-2-FA25-18-439,The Casual Pants | Dark Cherry,Bottoms,Pants,Fall25.2,11.42,69,11,23/12/2025,1,55,"3,079",35,"1,881",50%,4%,3.9,74.3,81.20%,36%,25%,20,274,239
23-2-FA23-8-444,Premium Jersey Scarf | Moss Beige,Scarves,Premium,Fall25.1,5.76,25,20,21/10/2025,1,40,841,35,729,65%,3%,3.7,94.3,76.30%,13%,13%,5,290,255
25-2-FA25-5-100,Comfy Hoodie | Black,Tops,Sweater,Fall25.2,14.86,79,16,17/11/2025,1,50,"3,189",34,"2,205",56%,3%,7,30,77.10%,32%,13%,16,463,429
25-2-SP25-9-374,Essential Jersey Dress Short | Khaki,Dresses,Essential,Fall25.2,8.89,89,16,17/11/2025,1,40,"2,983",34,"2,542",15%,1%,4.6,5.7,88.10%,15%,18%,6,666,632
24-2-FA24-4-100,Neoprene Bomber | Black,Outerwear,Bomber,Carry over,24.56,99,20,21/10/2025,1,43,"3,494",34,"2,740",94%,4%,7.9,136.3,70.40%,21%,29%,9,86,52
23-2-FA23-15-410,The Unique - Breathable Jersey | Cloud Rose,Scarves,Decorative,Carry over,12.47,59,40,5/6/2025,1,34,"1,696",34,"1,696",76%,2%,8.8,8,75.00%,0%,8%,0,140,106
24-1-FA24-7-100,Essential Abaya Regular | Black,Outerwear,Abaya,Carry over,14.04,130,26,12/9/2025,1,41,"4,306",33,"3,443",98%,4%,8.7,4,86.50%,20%,23%,8,90,57
23-2-FA23-8-443,Premium Jersey Scarf | Caramel Taupe,Scarves,Premium,Fall25.1,5.76,25,20,21/10/2025,1,34,727,33,706,61%,3%,3.4,82.7,76.30%,3%,7%,1,300,267
23-2-FA23-12-162,Essential Jersey Dress Regular | Dark Brown,Dresses,Essential,Fall25.1,12.26,89,11,22/12/2025,1,49,"3,492",33,"2,298",99%,8%,5.9,0.7,82.40%,33%,19%,16,43,10
24-2-SU24-6-460,Liquid Jersey Scarf | Red Copper,Scarves,Liquid,Fall25.2,5.62,25,16,17/11/2025,1,36,755,32,672,47%,3%,3.1,12.3,74.10%,11%,10%,4,431,399
24-2-FA24-25-460,Bamboo Jersey Scarf | Red Copper,Scarves,Bamboo,Fall25.2,7,29,16,17/11/2025,1,35,761,32,737,41%,2%,3.2,14.3,76.30%,9%,9%,3,573,541
25-1-SP25-36-388,Kaftan Dress Short | Moss Gray,Dresses,Occasion,Carry over,16.41,129,40,5/6/2025,1,38,"4,135",31,"3,369",84%,2%,10.1,14,84.90%,18%,38%,7,124,93
24-2-FA24-4-374,Neoprene Bomber | Khaki,Outerwear,Bomber,Fall25.2,21.78,99,16,17/11/2025,1,43,"3,546",30,"2,580",91%,5%,4.2,11,75.50%,30%,22%,13,64,34
24-1-FA24-7-374,Essential Abaya Regular | Khaki,Outerwear,Abaya,Fall25.1,16.63,130,20,21/10/2025,1,36,"3,886",29,"3,128",46%,2%,3.1,13.3,84.60%,19%,18%,7,196,167
23-2-FA23-15-409,The Unique - Breathable Jersey | Powder Blue,Scarves,Decorative,Carry over,12.47,59,40,5/6/2025,1,29,"1,435",29,"1,435",60%,2%,7.2,7.7,74.80%,0%,11%,0,209,180
24-1-FA24-11-374,Essential Dress Short | Khaki,Dresses,Essential,Fall25.1,15.67,90,20,21/10/2025,1,33,"2,463",28,"2,087",51%,3%,2.7,12.7,79.00%,15%,20%,5,127,99
25-2-FA25-5-131,Comfy Hoodie | Chocolate,Tops,Sweater,Fall25.1,14.86,79,20,21/10/2025,1,41,"2,738",28,"1,849",74%,4%,3.7,213.7,79.90%,32%,22%,13,317,289
24-2-FA24-19-437,Bamboo Full Cover Underscarf | Desert Clay,Scarves,Underscarf,Fall25.1,3.14,19,20,21/10/2025,1,32,505,27,425,57%,3%,4.4,19,80.10%,16%,18%,5,170,143
24-1-FA24-7-162,Essential Abaya Regular | Dark Brown,Outerwear,Abaya,Fall25.1,16.63,130,20,21/10/2025,1,41,"4,127",27,"2,922",57%,3%,4.3,58.7,84.10%,34%,22%,14,249,222
24-1-SU24-8-131,Weightless Woven Scarf | Chocolate,Scarves,Modal,Fall25.1,3.76,25,20,21/10/2025,1,27,556,26,535,56%,3%,2.3,30.7,82.40%,4%,7%,1,246,220
24-1-FA24-8-162,Essential Abaya  Short | Dark Brown,Outerwear,Abaya,Fall25.1,16.63,130,20,21/10/2025,1,33,"3,597",26,"2,825",98%,5%,6.9,67.7,84.70%,21%,19%,7,31,5
25-2-FA25-12-374,Modal Jersey Pants | Khaki,Bottoms,Pants,Fall25.1,8.77,75,20,21/10/2025,1,31,"1,917",26,"1,606",46%,2%,4.1,75,85.80%,16%,18%,5,460,434
24-1-FA24-8-374,Essential Abaya  Short | Khaki,Outerwear,Abaya,Fall25.1,16.63,130,20,21/10/2025,1,31,"3,309",25,"2,663",64%,3%,3.4,16,84.40%,19%,19%,6,97,72
25-2-FA25-12-100,Modal Jersey Pants | Black,Bottoms,Pants,Fall25.1,8.77,75,20,21/10/2025,1,31,"1,867",25,"1,480",69%,3%,2.7,75,85.80%,19%,20%,6,197,172
23-2-FA23-7-382,Breathable Jersey Scarf | Lint,Scarves,Breathable,Spring25.2,7.37,39,52,13/3/2025,1,27,878,25,814,100%,2%,6.2,38,77.40%,7%,11%,2,28,3
26-4-GB-15-314,Grape Limited Edition Scarf Gift Box | Multi Color,Scarves,Breathable,(none),36.7,130,1,6/3/2026,1,25,"2,627",25,"2,627",100%,3%,53,26.5,65.10%,0%,0%,0,25,0
25-2-SU25-1-222,The Summer Flock Breathable | Cherry Blossom,Scarves,Decorative,Summer25,8.25,55,38,21/6/2025,1,25,"1,053",25,"1,053",92%,2%,6,21,80.40%,0%,7%,0,61,36
24-1-SU24-8-401,Weightless Woven Scarf | Marble Stucco,Scarves,Modal,Spring25.2,4.62,25,7,21/1/2026,1,24,509,24,509,56%,8%,4.3,0,80.00%,0%,14%,0,407,383
24-2-FA24-25-374,Bamboo Jersey Scarf | Khaki,Scarves,Bamboo,Fall25.2,7,29,7,21/1/2026,1,27,641,24,568,28%,5%,6.1,15.3,74.10%,11%,4%,3,339,315
25-1-FA25-6-439,Shawl Shirt | Dark Cherry,Tops,Shirt,Fall25.2,10.11,79,16,17/11/2025,1,33,"2,184",24,"1,592",71%,4%,2.5,4.3,87.90%,27%,30%,9,114,90
24-1-FA24-10-162,Essential Dress Regular | Dark Brown,Dresses,Essential,Fall25.1,15.67,90,20,21/10/2025,1,30,"2,050",23,"1,527",37%,2%,3,39.7,77.40%,23%,29%,7,351,328
24-2-SP24-6-362,Premium Jersey Khimaar | Light Storm,Hijab/khimaar,Khimaar,Spring25.1,11.86,49,26,12/9/2025,1,27,"1,055",23,892,73%,3%,5.4,-1,69.40%,15%,11%,4,209,186
25-1-FA25-6-162,Shawl Shirt | Dark Brown,Tops,Shirt,Fall25.2,10.11,79,16,17/11/2025,1,36,"2,301",22,"1,357",45%,3%,2.4,0,88.10%,39%,31%,14,230,208
24-1-FA24-10-100,Essential Dress Regular | Black,Dresses,Dress,Carry over,13.12,90,26,12/9/2025,1,30,"2,160",22,"1,565",44%,2%,5.9,-19.3,81.60%,27%,30%,8,"1,443","1,421"
23-2-FA23-13-174,The Unique - Premium Jersey | Matcha,Scarves,Decorative scarves,Carry over,10.8,55,41,28/5/2025,1,22,"1,024",22,"1,024",100%,2%,6.7,11,76.80%,0%,7%,0,22,0
24-1-FA24-11-162,Essential Dress Short | Dark Brown,Dresses,Essential,Fall25.1,15.67,90,20,21/10/2025,1,26,"2,002",21,"1,618",64%,3%,2.6,42,79.70%,19%,23%,5,130,109
24-2-FA24-25-405,Bamboo Jersey Scarf | Lake,Scarves,Bamboo,Carry over,7.58,29,40,5/6/2025,1,24,589,21,518,85%,2%,5.6,14.7,69.20%,13%,8%,3,116,95
24-2-SP24-3-360,Breathable Khimaar | Milky Cacao,Hijab/khimaar,Khimaar,Spring25.1,12.22,59,26,12/9/2025,1,25,"1,221",21,"1,054",97%,4%,5.6,-1,75.70%,16%,15%,4,37,16
24-2-FA24-19-456,Bamboo Full Cover Underscarf | Red Wood,Scarves,Underscarf,Fall25.1,3.14,19,20,21/10/2025,1,22,352,21,337,35%,2%,2,14,81.30%,5%,10%,1,276,255
25-2-FA25-18-100,The Casual Pants | Black,Bottoms,Pants,Fall25.2,11.42,69,11,23/12/2025,1,40,"2,193",20,"1,047",38%,3%,3,53.3,79.30%,50%,26%,20,316,296
25-2-SP25-9-441,Essential Jersey Dress Short | Fig,Dresses,Essential,Fall25.2,8.89,89,16,17/11/2025,1,33,"2,461",19,"1,412",17%,1%,2.4,4,88.70%,42%,27%,14,422,403
24-2-SU24-7-362,Premium Jersey Prayer Skirt | Light Storm,Bottoms,Skirts,Spring25.1,11.36,49,26,12/9/2025,1,24,974,19,795,95%,4%,4.7,-1,72.80%,21%,13%,5,41,22
23-2-FA23-12-441,Essential Jersey Dress Regular | Fig,Dresses,Essential,Fall25.2,12.26,89,11,22/12/2025,1,27,"1,584",19,"1,215",16%,1%,2.7,2,82.80%,30%,17%,8,608,589
Shopify Pop-up::gift-card,MERRACHI ANTWERPEN GIFTCARD,(none),(none),(none),0,0,0,Not yet launched,1,19,"1,270",19,"1,270",100%,0%,10,0.3,100.00%,0%,0%,0,19,0
25-2-FA25-3-100,Comfy Sweater Dress | Black,Dresses,Casual,Fall25.2,14.07,95,16,17/11/2025,1,27,"2,124",19,"1,495",17%,1%,2.4,8.7,83.10%,30%,23%,8,733,714
23-2-FA23-7-404,Breathable Jersey Scarf | Beige Rose,Scarves,Breathable,Carry over,7.64,39,40,5/6/2025,1,19,592,19,592,51%,1%,5,6.3,75.50%,0%,9%,0,648,629
25-1-FA25-8-162,Satin Pleated Pants | Dark Brown,Bottoms,Pants,Fall25.2,10.55,79,16,17/11/2025,1,27,"1,822",19,"1,299",71%,4%,2.4,-3,88.60%,30%,30%,8,82,63
23-2-FA23-7-377,Breathable Jersey Scarf | Brown Rice,Scarves,Breathable,Spring25.2,7.37,39,40,5/6/2025,1,24,789,18,642,97%,2%,6.2,8.3,79.30%,25%,11%,6,59,41
25-1-FA25-1-162,Tailored V-Neck Dress | Dark Brown,Dresses,Casual,Fall25.1,15.39,89,20,21/10/2025,1,27,"2,015",18,"1,347",67%,3%,2.3,74.7,79.40%,33%,42%,9,147,129
24-2-FA24-21-456,Bamboo Tied Underscarf | Red Wood,Scarves,Underscarf,Fall25.1,2.6,19,20,21/10/2025,1,22,349,18,280,31%,2%,1.7,5.3,84.20%,18%,10%,4,226,208
25-1-FA25-10-162,Blazer Dress | Dark Brown,Dresses,Casual,Fall25.1,15.82,109,20,21/10/2025,1,25,"2,282",18,"1,651",76%,4%,4.8,49.7,82.80%,28%,41%,7,81,63
24-1-SP24-18-367,Kaftan Dress Regular | Warm Butter,Dresses,Occasion,Carry over,17.49,129,40,5/6/2025,1,20,"2,169",18,"2,008",93%,2%,4.2,26.7,84.30%,10%,23%,2,70,52
24-2-FA24-21-437,Bamboo Tied Underscarf | Desert Clay,Scarves,Underscarf,Fall25.1,2.6,19,20,21/10/2025,1,23,385,17,287,97%,5%,2.4,27,88.20%,26%,11%,6,24,7
25-2-FA25-6-100,Comfy Pants | Black,Bottoms,Pants,Fall25.2,10.2,74,16,17/11/2025,1,24,"1,461",17,"1,093",39%,2%,1.9,14,85.10%,29%,15%,7,442,425
23-2-FA23-7-387,Breathable Jersey Scarf | Aqua Gray,Scarves,Breathable,Spring25.2,7.37,39,52,13/3/2025,1,18,594,17,577,66%,1%,4.1,17.3,78.30%,6%,8%,1,360,343
23-2-FA23-13-306,The Unique - Premium Jersey | White Cream,Scarves,Decorative scarves,Carry over,10.8,55,92,5/6/2024,1,17,776,17,776,77%,1%,5.4,18.7,76.30%,0%,6%,0,231,214
24-1-FA24-11-100,Essential Dress Short | Black,Dresses,Dress,Carry over,13.12,90,26,12/9/2025,1,21,"1,566",17,"1,268",44%,2%,4,-6.7,82.40%,19%,23%,4,"1,456","1,439"
24-2-FA24-19-374,Bamboo Full Cover Underscarf | Khaki,Scarves,Underscarf,Fall25.1,3.14,19,20,21/10/2025,1,19,312,17,280,58%,3%,1.6,15.7,82.00%,11%,15%,2,119,102
25-3-FA25-10-100,Ribbed Knit Dress | Black,Dresses,Casual,Fall25.1,11.87,129,20,21/10/2025,1,19,"1,931",16,"1,620",64%,3%,1.8,66.7,88.30%,16%,32%,3,162,146
26-4-GB-16-314,Essential Scarf Gift Box | Multi Color,Scarves,Breathable,(none),35.43,130,1,6/3/2026,1,16,"1,745",16,"1,745",100%,2%,33,16.5,67.50%,0%,0%,0,16,0
25-4-FA25-11-377,The Mini Tote | Brown Rice,Accessories,Bags,Fall25.1,13.4,65,20,21/10/2025,1,16,870,16,870,21%,1%,1.3,7.3,78.40%,0%,14%,0,250,234
24-2-SP24-3-100,Breathable Khimaar | Black,Hijab/khimaar,Khimaar,Carry over,12.59,59,26,12/9/2025,1,20,992,16,796,47%,2%,4.4,-2.7,74.70%,20%,20%,4,486,470
24-1-SP24-18-100,Kaftan Dress Regular | Black,Dresses,(none),Carry over,17.46,129,52,12/3/2025,1,19,"2,033",16,"1,876",100%,2%,4.1,452.3,85.10%,16%,31%,3,20,4
24-2-SP24-3-127,Breathable Khimaar | Deep Brown,Hijab/khimaar,Khimaar,Spring25.1,12.22,59,26,12/9/2025,1,17,783,16,734,35%,1%,3.5,2,73.40%,6%,20%,1,333,317
25-1-FA25-4-162,Tailored Oversized Blazer | Dark Brown,Outerwear,Blazer,Fall25.1,15.39,109,20,21/10/2025,1,25,"2,277",16,"1,461",90%,4%,3.2,113,84.20%,36%,38%,9,62,46
25-1-FA25-5-439,Shawl Dress | Dark Cherry,Dresses,Occasion,Fall25.2,13.63,119,16,17/11/2025,1,24,"2,366",16,"1,578",54%,3%,2.3,7,88.80%,33%,31%,8,173,157
24-2-SS24-2-169,Premium Jersey Hijab | Creme Brulee,Hijab/khimaar,(none),Spring24.2,2.58,25,0,Not yet launched,1,15,311,15,311,64%,0%,3.5,7.7,87.50%,0%,18%,0,356,341
24-2-SP24-3-355,Breathable Khimaar | Desert Brown,Hijab/khimaar,Khimaar,Spring25.1,12.22,59,26,12/9/2025,1,20,989,15,744,92%,3%,4.4,-0.7,75.40%,25%,18%,5,55,40
25-2-FA25-11-437,Modal Jersey Top | Desert Clay,Tops,Ls top,Fall25.1,9.76,59,20,21/10/2025,1,31,"1,424",15,827,42%,2%,2,63,82.30%,52%,28%,16,408,393
25-2-FA25-6-131,Comfy Pants | Chocolate,Bottoms,Pants,Fall25.1,10.2,74,20,21/10/2025,1,21,"1,324",15,944,49%,2%,1.8,110,86.00%,29%,23%,6,504,489
23-2-FA23-12-388,Essential Jersey Dress Regular | Moss Gray,Dresses,Essential,Carry over,13.48,89,11,22/12/2025,1,20,"1,479",15,"1,144",96%,8%,4.3,-6.3,82.30%,25%,20%,5,40,25
25-1-FA25-4-100,Tailored Oversized Blazer | Black,Outerwear,Blazer,Fall25.1,15.39,109,20,21/10/2025,1,20,"1,860",14,"1,275",55%,3%,2.2,52.3,84.30%,30%,29%,6,200,186
25-1-SP25-15-378,Plisse Sleeve Dress | Grey Green,Dresses,Occasion,Spring25.2,0,119,52,13/3/2025,1,17,"1,680",14,"1,383",96%,2%,4.7,92.3,100.00%,18%,30%,3,52,38
23-2-SU25-63-414,The Moroccan Premium | Iced Olive,Scarves,Decorative,Summer25,7.22,55,40,5/6/2025,1,16,729,14,637,64%,2%,4.4,6,84.10%,13%,9%,2,142,128
25-2-FA25-12-437,Modal Jersey Pants | Desert Clay,Bottoms,Pants,Fall25.1,8.77,75,20,21/10/2025,1,19,"1,189",14,865,50%,2%,1.7,36.7,85.80%,26%,24%,5,184,170
24-4-FA24-3-100,Oval Tote Bag | Black,Accessories,Tote bags,Carry over,5.42,39,9,8/1/2026,1,17,549,14,452,100%,10%,11.8,45.7,83.20%,18%,11%,3,17,3
23-2-FA23-10-258,The Pearl Monogram - Premium Jersey | Cashmere,Scarves,Decorative scarves,Carry over,9.23,55,94,23/5/2024,1,14,664,14,664,99%,1%,2.7,28,80.50%,0%,8%,0,28,14
24-1-SU24-8-448,Weightless Woven Scarf | Wood Brown,Scarves,Modal,Fall25.1,3.76,25,20,21/10/2025,1,15,316,14,295,26%,1%,1.3,21.3,83.40%,7%,11%,1,389,375
23-2-FA23-10-265,The Pearl Monogram - Premium Jersey | Misty Blue,Scarves,Decorative scarves,Carry over,9.18,55,94,23/5/2024,1,14,651,13,605,72%,1%,2.9,5,80.30%,7%,11%,1,114,101
25-2-FA25-3-131,Comfy Sweater Dress | Chocolate,Dresses,Casual,Fall25.1,14.07,95,20,21/10/2025,1,27,"2,118",13,997,33%,2%,2.3,106.7,83.10%,52%,38%,14,756,743
24-3-FA24-1-100,The Brushed Scarf | Black,Accessories,Scarf,Fall24,8.7,59,20,21/10/2025,1,14,683,13,634,69%,3%,1.3,45.3,82.20%,7%,9%,1,378,365
25-1-FA25-8-439,Satin Pleated Pants | Dark Cherry,Bottoms,Pants,Fall25.2,10.55,79,16,17/11/2025,1,15,"1,011",13,881,69%,4%,1.1,0.7,89.20%,13%,31%,2,62,49
25-1-FA25-15-465,Weightless Woven Scarf | Chocolate Gradient,Scarves,Modal,Fall25.1,6.59,45,20,21/10/2025,1,12,450,12,450,20%,1%,1,17.7,82.40%,0%,12%,0,431,419
24-1-FA24-8-100,Essential Abaya  Short | Black,Outerwear,Abaya,Carry over,14.04,130,26,12/9/2025,1,17,"1,829",12,"1,290",92%,3%,4.5,2,86.90%,29%,17%,5,209,197
25-1-FA25-7-439,Satin Skirt | Dark Cherry,Bottoms,Skirts,Fall25.2,9.67,79,16,17/11/2025,1,18,"1,135",12,738,65%,4%,2.1,4.3,84.30%,33%,27%,6,87,75
Shopify AMS::gift-card,Merrachi Giftcard - Amsterdam Store,(none),(none),(none),0,0,0,Not yet launched,1,12,"1,010",12,"1,010",100%,0%,2.5,4.7,100.00%,0%,1%,0,12,0
24-1-SU24-8-437,Weightless Woven Scarf | Desert Clay,Scarves,Modal,Fall25.2,3.76,25,16,17/11/2025,1,12,249,12,249,12%,1%,1,1,81.90%,0%,10%,0,481,469
23-2-FA23-12-305,Essential Jersey Dress Regular | Sunset Yellow,Dresses,Essential,Carry over,13.48,89,11,22/12/2025,1,12,897,11,823,98%,8%,2.4,-1,82.00%,8%,31%,1,21,10
24-1-FA24-10-131,Essential Dress Regular | Chocolate,Dresses,Essential,Fall25.1,15.67,90,20,21/10/2025,1,12,878,11,804,13%,1%,0.8,17,78.60%,8%,28%,1,550,539
24-2-SP24-6-306,Premium Jersey Khimaar | White Cream,Hijab/khimaar,Khimaar,Carry over,14.02,49,92,5/6/2024,1,12,508,11,468,80%,1%,2.5,5.7,67.00%,8%,14%,1,85,74
24-1-FA24-10-374,Essential Dress Regular | Khaki,Dresses,Essential,Fall25.1,15.67,90,20,21/10/2025,1,14,"1,044",11,820,25%,1%,1.4,8.7,79.00%,21%,20%,3,251,240
24-1-FA24-8-131,Essential Abaya  Short | Chocolate,Outerwear,Abaya,Fall25.1,16.63,130,20,21/10/2025,1,12,"1,294",11,"1,186",20%,1%,1.1,15.7,84.60%,8%,24%,1,349,338
23-2-FA23-7-265,Breathable Jersey Scarf | Misty Blue,Scarves,Breathable,Carry over,7.64,39,40,5/6/2025,1,18,531,11,348,100%,2%,5,10,75.80%,39%,15%,7,11,0
24-1-SU24-8-388,Weightless Woven Scarf | Moss Gray,Scarves,Modal,Carry over,4.15,25,40,5/6/2025,1,14,296,11,233,91%,2%,4.8,15.7,80.40%,21%,12%,3,58,47
25-1-SP25-15-355,Plisse Sleeve Dress | Desert Brown,Dresses,Occasion,Spring25.2,0,119,52,13/3/2025,1,17,"1,666",11,"1,119",99%,2%,4,173.3,100.00%,35%,44%,6,21,10
25-1-SU25-5-388,Woven Abaya Regular | Moss Gray,Outerwear,Abaya,Summer25,12.91,98,40,5/6/2025,1,16,"1,341",11,"1,016",82%,2%,3.2,13.3,86.00%,31%,20%,5,139,128
25-1-FA25-19-437,Wool Blend Abaya | Desert Clay,Outerwear,Coat,Fall25.1,21.98,139,20,21/10/2025,1,10,"1,072",10,"1,072",16%,1%,0.6,11.3,81.60%,0%,29%,0,363,353
23-2-FA23-10-277,The Pearl Monogram - Premium Jersey | Moon Grey,Scarves,Decorative scarves,Carry over,9.49,55,92,4/6/2024,1,12,511,10,418,92%,1%,3.9,29.3,77.30%,17%,11%,2,94,84
24-1-SU24-8-430,Weightless Woven Scarf | Soft Khaki Shibori Print,Scarves,Modal,Carry over,4.15,25,40,5/6/2025,1,11,234,10,222,34%,1%,2.9,3.7,81.30%,9%,7%,1,346,336
25-1-SP25-36-367,Kaftan Dress Short | Warm Butter,Dresses,Occasion,Carry over,16.41,129,40,5/6/2025,1,11,"1,178",10,"1,070",69%,2%,2.1,6,84.70%,9%,30%,1,131,121
25-3-FA25-1-100,Knitted Collar Cardigan | Black,Tops,Cardigan,Fall25.1,14.95,89,20,21/10/2025,1,16,"1,179",10,736,92%,4%,2.9,81.3,79.70%,38%,28%,6,36,26
25-2-FA25-14-437,Modal Jersey Dress | Desert Clay,Dresses,Casual,Fall25.1,12.57,79,20,21/10/2025,1,14,893,10,630,12%,1%,1.5,21.7,80.10%,29%,27%,4,768,758
25-1-SU25-5-143,Woven Abaya Regular | Taupe,Outerwear,Abaya,Summer25,12.91,98,40,5/6/2025,1,12,975,9,730,99%,2%,3,33,84.10%,25%,28%,3,16,7
25-1-SU25-37-388,Woven Abaya Short | Moss Gray,Outerwear,Abaya,Summer25,12.91,98,40,5/6/2025,1,10,812,9,731,82%,2%,2.6,18.7,84.10%,10%,22%,1,78,69
25-2-SU25-2-100,Summer Jersey Kaftan Dress | Black,Dresses,Casual,Summer25,13.1,89,40,5/6/2025,1,9,371,9,371,70%,2%,1.8,5.7,68.20%,0%,31%,0,247,238
25-2-SP25-9-388,Essential Jersey Dress Short | Moss Gray,Dresses,Essential,Carry over,10.11,89,40,5/6/2025,1,11,826,9,676,95%,2%,2,10.7,86.50%,18%,24%,2,27,18
23-2-FA23-7-260,Breathable Jersey Scarf | Frost,Scarves,Breathable,Carry over,7.7,39,94,23/5/2024,1,9,302,9,302,87%,1%,2.5,16,77.00%,0%,9%,0,136,127
23-2-FA23-8-162,Premium Jersey Scarf | Dark Brown,Scarves,Premium,Fall25.1,5.65,25,20,21/10/2025,1,10,237,9,216,94%,5%,2.9,4,94.80%,10%,4%,1,166,157
24-2-SS24-2-177,Premium Jersey Hijab | Dark Rose,Hijab/khimaar,(none),Spring24.2,2.58,25,0,Not yet launched,1,12,249,9,197,32%,0%,2.7,11,88.20%,25%,17%,3,706,697
25-1-SP25-48-100,Woven Satin Khimaar | Black,Hijab/khimaar,Khimaar,Spring25.2,7.9,49,52,12/3/2025,1,10,426,9,385,64%,1%,2.3,38.7,81.50%,10%,33%,1,223,214
24-2-SP24-3-349,Breathable Khimaar | Aubergine,Hijab/khimaar,Khimaar,Spring25.1,12.22,59,26,12/9/2025,1,11,552,9,454,100%,4%,3.6,-2,75.80%,18%,15%,2,9,0
24-1-SP24-18-388,Kaftan Dress Regular | Moss Gray,Dresses,Occasion,Carry over,17.49,129,40,5/6/2025,1,16,"1,742",9,989,100%,2%,3.7,32.3,84.10%,44%,26%,7,9,0
24-1-FA24-7-131,Essential Abaya Regular | Chocolate,Outerwear,Abaya,Fall25.1,16.63,130,20,21/10/2025,1,10,"1,076",9,969,18%,1%,0.8,21.3,84.60%,10%,24%,1,521,512
23-2-FA23-5-439,Essential Legging | Dark Cherry,Bottoms,Leggings,Fall25.1,10.85,45,8,13/1/2026,1,9,350,9,350,8%,1%,0.6,2,78.30%,0%,12%,0,724,715
25-1-FA25-12-162,Straight Shirt | Dark Brown,Tops,Shirt,Fall25.1,14.07,89,20,21/10/2025,1,15,"1,107",9,676,56%,3%,1.2,48,81.30%,40%,33%,6,167,158
23-2-FA23-7-390,Breathable Jersey Scarf | Watercress,Scarves,Breathable,Spring25.2,7.37,39,52,13/3/2025,1,12,386,9,295,100%,2%,2.7,25.7,77.50%,25%,11%,3,13,4
25-1-SU25-6-388,Sleeveless Woven Dress Regular | Moss Gray,Dresses,Casual,Summer25,9.26,69,40,5/6/2025,1,12,686,9,571,78%,2%,2.2,11.7,85.40%,25%,26%,3,177,168
25-1-FA25-7-162,Satin Skirt | Dark Brown,Bottoms,Skirts,Fall25.2,9.67,79,16,17/11/2025,1,15,836,9,442,33%,2%,2.1,4.3,80.30%,40%,25%,6,253,244
23-2-FA23-10-294,The Pearl Monogram - Premium Jersey | Soft Taupe,Scarves,Decorative scarves,Carry over,9.49,55,92,4/6/2024,1,9,431,9,431,96%,1%,2.3,43.7,80.20%,0%,10%,0,69,60
23-2-FA23-13-349,The Unique - Premium Jersey | Aubergine,Scarves,Decorative,Fall25.2,9.5,55,16,17/11/2025,1,9,480,9,480,100%,6%,1.3,59.7,98.00%,0%,8%,0,8,-1
24-2-SP24-6-359,Premium Jersey Khimaar | Iron,Hijab/khimaar,Khimaar,Spring25.1,11.86,49,26,12/9/2025,1,11,439,8,317,100%,4%,2.6,-5.3,70.10%,27%,14%,3,8,0
25-1-SP25-28-366,Double Sleeve Dress | Dark Pearl,Dresses,Casual,Spring25.2,16.08,129,52,13/3/2025,1,12,"1,297",8,871,90%,2%,3.7,111,85.20%,33%,44%,4,80,72
25-1-SU25-38-388,The Wave Breathable | Moss Gray,Scarves,Decorative,Summer25,8.73,55,40,5/6/2025,1,8,368,8,368,100%,2%,1.4,6.7,81.00%,0%,12%,0,8,0
23-2-SU25-64-377,The Wave Premium | Brown Rice,Scarves,Decorative,Summer25,7.22,55,40,5/6/2025,1,8,355,8,355,63%,2%,2.7,5.3,83.70%,0%,9%,0,135,127
24-2-FA24-19-382,Bamboo Full Cover Underscarf | Lint,Scarves,Underscarf,Spring25.2,3.28,19,52,13/3/2025,1,8,126,8,126,83%,2%,1.6,2.3,79.20%,0%,14%,0,32,24
24-2-SS24-2-117,Premium Jersey Hijab | Iron Grey,Hijab/khimaar,(none),Spring24.2,2.58,25,0,Not yet launched,1,10,210,8,175,94%,0%,1.8,16.7,88.20%,20%,15%,2,72,64
24-1-FA24-11-324,Essential Dress Short | Mink,Dresses,Dress,(none),13.12,90,73,17/10/2024,1,7,531,7,531,99%,1%,1.3,29.3,82.70%,0%,32%,0,18,11
24-2-SP24-7-387,Premium Jersey Hijab | Aqua Gray,Hijab/khimaar,Premium,Carry over,5.43,25,52,13/3/2025,1,7,145,7,145,90%,2%,1.2,5.3,73.80%,0%,19%,0,34,27
23-2-FA23-7-259,Breathable Jersey Scarf | Clear Sky,Scarves,Breathable,Carry over,7.7,39,94,23/5/2024,1,8,227,7,194,48%,1%,1.9,6,72.20%,13%,10%,1,287,280
25-1-FA25-8-374,Satin Pleated Pants | Khaki,Bottoms,Pants,Fall25.2,10.55,79,16,17/11/2025,1,7,467,7,467,46%,3%,0.8,1.3,84.20%,0%,21%,0,59,52
25-2-FA25-6-438,Comfy Pants | Cloud White,Bottoms,Pants,Fall25.1,10.2,74,20,21/10/2025,1,15,916,7,486,54%,3%,1.2,58.7,85.30%,53%,25%,8,227,220
25-1-SP25-48-355,Woven Satin Khimaar | Desert Brown,Hijab/khimaar,Khimaar,Spring25.2,7.9,49,52,13/3/2025,1,7,292,7,292,90%,2%,1.4,48.3,81.10%,0%,39%,0,34,27
24-2-FA24-21-162,Bamboo Tied Underscarf | Dark Brown,Scarves,Underscarf,Fall25.1,2.6,19,20,21/10/2025,1,8,100,7,84,100%,5%,0.7,29.7,87.60%,13%,5%,1,5,-2
25-4-FA25-13-131,Maxi Oval Bag | Chocolate,Accessories,Bags,Fall25.2,11.87,79,16,17/11/2025,1,8,524,7,459,33%,2%,0.5,3,81.90%,13%,20%,1,200,193
24-1-FA24-11-278,Essential Dress Short | Off White,Dresses,Dress,Carry over,16.59,90,52,12/3/2025,1,9,672,7,521,95%,2%,1.5,48.7,77.70%,22%,29%,2,42,35
25-1-FA25-1-437,Tailored V-Neck Dress | Desert Clay,Dresses,Casual,Fall25.1,15.39,89,20,21/10/2025,1,13,957,7,516,28%,1%,1.6,11,79.10%,46%,43%,6,170,163
25-1-SU25-6-143,Sleeveless Woven Dress Regular | Taupe,Dresses,Casual,Summer25,9.26,69,40,5/6/2025,1,8,458,7,400,82%,2%,1.7,20.3,83.80%,13%,30%,1,152,145
25-2-SP25-2-374,Bamboo Hijab Top | Khaki,Tops,Ls top,Fall25.1,7.74,49,20,21/10/2025,1,7,303,7,303,22%,1%,0.5,8,84.60%,0%,11%,0,233,226
23-2-FA23-10-413,The Pearl Monogram - Premium Jersey | Cactus,Scarves,Decorative,Carry over,8.97,55,40,5/6/2025,1,8,366,7,320,18%,0%,2.1,2.3,80.40%,13%,11%,1,435,428
24-1-FA24-10-278,Essential Dress Regular | Off White,Dresses,Dress,Carry over,16.59,90,52,12/3/2025,1,12,907,7,535,84%,2%,2.2,53.7,78.30%,42%,34%,5,117,110
25-1-FA25-10-437,Blazer Dress | Desert Clay,Dresses,Casual,Fall25.1,15.82,109,20,21/10/2025,1,8,721,7,631,35%,2%,1.2,16,82.50%,13%,33%,1,140,133
25-1-FA25-1-100,Tailored V-Neck Dress | Black,Dresses,Casual,Fall25.1,15.39,89,20,21/10/2025,1,7,519,6,445,17%,1%,0.5,11,79.30%,14%,31%,1,254,248
25-2-FA25-5-438,Comfy Hoodie | Cloud White,Tops,Sweater,Fall25.1,14.86,79,20,21/10/2025,1,18,"1,138",6,470,58%,3%,2,105.7,81.00%,67%,26%,12,319,313
24-2-SU24-7-306,Premium Jersey Prayer Skirt | White Cream,Bottoms,Skirts,Carry over,11.5,49,92,4/6/2024,1,9,376,6,254,70%,1%,1.4,3.7,72.90%,33%,20%,3,86,80
24-1-FA24-11-392,Essential Dress Short | Burgundy,Dresses,Essential,Spring25.1,16.87,90,26,12/9/2025,1,7,521,6,447,91%,3%,1.2,-3.7,77.40%,14%,26%,1,70,64
25-2-FA25-9-374,Boucle Jersey Jacket | Khaki,Outerwear,Jacket,Fall25.1,17.32,94,20,21/10/2025,1,16,"1,258",6,478,93%,4%,3.7,94.3,78.20%,63%,40%,10,34,28
24-1-SU24-8-297,Weightless Woven Scarf | Ocean Blue,Scarves,Modal,Carry over,4.28,25,92,5/6/2024,1,6,127,6,127,43%,0%,1.4,8.3,79.80%,0%,17%,0,290,284
24-2-FA24-21-382,Bamboo Tied Underscarf | Lint,Scarves,Underscarf,Spring25.2,2.72,19,52,13/3/2025,1,6,94,6,94,96%,2%,1.2,2.3,82.70%,0%,10%,0,12,6
25-2-SU25-2-388,Summer Jersey Kaftan Dress | Moss Gray,Dresses,Casual,Summer25,13.1,89,40,5/6/2025,1,10,444,6,156,89%,2%,2.4,6.7,49.70%,40%,41%,4,89,83
24-3-FA24-1-374,The Brushed Scarf | Khaki,Accessories,Scarf,Fall25.1,8.18,59,20,21/10/2025,1,6,293,6,293,76%,4%,0.6,76,83.20%,0%,7%,0,137,131
25-1-FA25-3-462,Tailored Cape | Walnut,Outerwear,Cape,Fall25.1,7.74,39,20,21/10/2025,1,6,194,6,194,99%,5%,1.4,30.7,76.10%,0%,32%,0,7,1
25-1-FA25-19-162,Wool Blend Abaya | Dark Brown,Outerwear,Coat,Fall25.1,21.98,139,20,21/10/2025,1,9,"1,033",6,687,99%,5%,1.8,97,80.80%,33%,34%,3,10,4
24-2-SP24-2-388,Breathable Hijab | Moss Gray,Hijab/khimaar,Hijab,Carry over,4.54,39,40,5/6/2025,1,6,195,6,195,96%,2%,1,5.7,86.00%,0%,14%,0,16,10
23-2-FA23-7-172,Breathable Jersey Scarf | Dark Moss,Scarves,Breathable,Carry over,7.74,39,29,21/8/2025,1,7,227,6,194,89%,3%,1.2,42.7,76.10%,14%,8%,1,192,186
24-2-SS24-2-219,Premium Jersey Hijab | Grey,Hijab/khimaar,(none),Spring24.2,2.58,25,0,Not yet launched,1,7,145,6,125,17%,0%,1.2,5,87.60%,14%,13%,1,"1,568","1,562"
25-1-SU25-28-388,Satin Wide Leg Pants | Moss Gray,Bottoms,Pants,Summer25,11.4,74,40,5/6/2025,1,7,465,6,404,78%,2%,1.4,5,83.10%,14%,35%,1,134,128
25-1-SU25-6-100,Sleeveless Woven Dress Regular | Black,Dresses,Casual,Summer25,9.26,69,40,5/6/2025,1,6,344,6,344,90%,2%,0.9,9,83.90%,0%,32%,0,30,24
24-1-SU24-8-377,Weightless Woven Scarf | Brown Rice,Scarves,Modal,Carry over,4.15,25,40,5/6/2025,1,7,145,6,132,58%,1%,1.4,9.7,81.20%,14%,10%,1,222,216
25-1-SP25-27-100,Pleated Neck Dress | Black,Dresses,Casual,Spring25.2,14.88,129,52,13/3/2025,1,8,882,6,732,49%,1%,1.6,21.7,87.80%,25%,33%,2,505,499
23-2-FA23-7-295,Breathable Jersey Scarf | Misty Green,Scarves,Breathable,Carry over,7.64,39,40,5/6/2025,1,7,236,6,203,28%,1%,2.7,6.3,77.50%,14%,12%,1,700,694
25-2-SU25-2-143,Summer Jersey Kaftan Dress | Taupe,Dresses,Casual,Summer25,13.1,89,40,5/6/2025,1,6,443,6,443,94%,2%,1.1,-5.3,82.30%,0%,45%,0,44,38
24-1-SU24-8-429,Weightless Woven Scarf | Beige Rose Shibori Print,Scarves,Modal,Carry over,4.15,25,40,5/6/2025,1,6,125,6,125,34%,1%,1.6,8,80.10%,0%,7%,0,342,336
25-1-FA25-17-464,Wool Bomber | Cloud,Outerwear,Bomber,Fall25.2,23.91,129,16,17/11/2025,1,8,746,6,533,88%,5%,0.7,2.3,73.10%,25%,27%,2,40,34
24-1-SU24-8-340,Weightless Woven Scarf | Leaf,Scarves,Modal,Spring25.2,3.93,25,52,13/3/2025,1,7,146,6,125,48%,1%,2.1,8,81.10%,14%,9%,1,269,263
24-3-FA24-1-439,The Brushed Scarf | Dark Cherry,Accessories,Scarf,Fall25.1,8.18,59,20,21/10/2025,1,6,297,6,297,39%,2%,0.5,30.3,86.20%,0%,10%,0,347,341
24-1-FA24-11-131,Essential Dress Short | Chocolate,Dresses,Essential,Fall25.1,15.67,90,20,21/10/2025,1,7,521,6,447,17%,1%,0.7,16.7,79.00%,14%,26%,1,354,348
25-3-FA25-11-100,Ribbed Knit Sweater | Black,Tops,Sweaters,Fall25.1,9.93,94,20,21/10/2025,1,11,862,6,478,55%,3%,1.1,47.7,87.50%,45%,23%,5,194,188
25-1-SP25-47-100,Volume Sleeve Dress | Black,Dresses,Occasion,Spring25.2,14.52,109,52,13/3/2025,1,11,"1,008",5,527,93%,2%,2.2,93.3,86.20%,55%,36%,6,63,58
25-2-SP25-7-100,Soft Rayon Abaya | Black,Outerwear,Abaya,Spring25.1,21.29,98,26,12/9/2025,1,5,406,5,406,92%,3%,1.1,-7,73.80%,0%,38%,0,28,23
25-3-FA25-12-374,Ribbed Knit Skirt | Khaki,Bottoms,Skirts,Fall25.1,8.62,89,20,21/10/2025,1,9,664,5,367,43%,2%,0.9,33.3,88.30%,44%,33%,4,166,161
23-2-FA23-10-239,The Pearl Monogram - Premium Jersey | Sage,Scarves,Decorative scarves,Carry over,8.75,55,73,17/10/2024,1,5,226,5,226,100%,1%,1.4,10.3,80.60%,0%,8%,0,5,0
23-2-SU23-3-161,Essential Legging | Vanilla,Bottoms,Leggings,Essentials,10.05,45,92,8/6/2024,1,5,186,5,186,90%,1%,0.8,-0.7,73.00%,0%,10%,0,115,110
25-2-FA25-8-374,Boucle Jersey Pants | Khaki,Bottoms,Pants,Fall25.1,14.95,89,20,21/10/2025,1,8,591,5,370,72%,3%,0.7,45,79.80%,38%,42%,3,69,64
23-2-FA23-9-295,The Stripes - Premium Jersey | Misty Green,Scarves,Decorative scarves,Carry over,9.34,55,92,8/6/2024,1,5,227,5,227,91%,1%,0.8,3,79.40%,0%,12%,0,45,40
25-1-SP25-26-355,Double Sleeve Blouse | Desert Brown,Tops,Blouse,Spring25.2,12.68,79,52,12/3/2025,1,5,354,5,354,99%,2%,0.8,70.7,82.10%,0%,36%,0,9,4
24-2-SU24-10-277,The Palm Premium | Moon Grey,Scarves,Decorative scarves,Summer24,6.72,55,92,4/6/2024,1,5,226,5,226,65%,1%,0.9,6.7,85.10%,0%,12%,0,163,158
23-2-FA23-7-409,Breathable Jersey Scarf | Powder Blue,Scarves,Breathable,Carry over,7.64,39,40,5/6/2025,1,5,130,5,130,12%,0%,1.2,4.7,70.60%,0%,9%,0,"1,308","1,303"
25-2-FA25-3-438,Comfy Sweater Dress | Cloud White,Dresses,Casual,Fall25.1,14.07,95,20,21/10/2025,1,15,"1,175",5,389,23%,1%,2.5,37,81.90%,67%,38%,10,501,496
24-2-SS24-2-174,Premium Jersey Hijab | Matcha,Hijab/khimaar,(none),Spring24.2,2.58,25,0,Not yet launched,1,5,103,5,103,93%,0%,1.6,14.7,87.50%,0%,22%,0,35,30
25-1-SP25-40-378,Lurex Embroidered Kaftan Dress | Grey Green,Dresses,Occasion,Spring25.2,16.44,139,52,13/3/2025,1,7,841,5,611,98%,2%,1.2,100.7,86.50%,29%,42%,2,12,7
25-1-SU25-26-100,Poplin Shirt | Black,Tops,Shirt,Summer25,10.87,74,40,5/6/2025,1,5,322,5,322,53%,1%,0.8,3.3,83.10%,0%,40%,0,125,120
25-1-SU25-5-147,Woven Abaya Regular | Pastel Orange,Outerwear,Abaya,Summer25,12.91,98,40,5/6/2025,1,5,408,5,408,79%,2%,0.8,17.3,84.20%,0%,18%,0,162,157
25-1-SU25-10-411,Wrap Abaya | White Pepper,Outerwear,Abaya,Summer25,17.47,109,40,5/6/2025,1,8,741,5,559,57%,1%,1.5,6,84.40%,38%,53%,3,181,176
25-1-SU25-29-388,Satin Cape Top | Moss Gray,Tops,Blouse,Summer25,11.55,79,40,5/6/2025,1,6,413,5,348,72%,2%,1.3,4.7,83.40%,17%,37%,1,202,197
25-1-SU25-36-388,Sleeveless Woven Dress Short | Moss Gray,Dresses,Casual,Summer25,9.26,69,40,5/6/2025,1,7,400,5,341,75%,2%,1.4,17.7,86.40%,29%,23%,2,101,96
24-2-SU24-14-176,Essential Underscarf | Dusty Bone,Scarves,Underscarf,Summer24,3.45,25,92,8/6/2024,1,6,125,5,114,99%,1%,1.3,10,84.90%,17%,21%,1,8,3
23-2-FA23-8-282,Premium Jersey Scarf | Sand,Scarves,Premium,Carry over,6.11,25,40,5/6/2025,1,5,123,5,123,77%,2%,2.2,95,100.00%,0%,9%,0,293,288
25-2-FA25-9-438,Boucle Jersey Jacket | Cloud White,Outerwear,Jacket,Fall25.1,17.32,94,20,21/10/2025,1,10,722,5,332,41%,2%,1.3,46.7,73.90%,50%,43%,5,234,229
25-3-FA25-2-100,Knitted Cable Pants | Black,Bottoms,Pants,Fall25.1,9.49,74,20,21/10/2025,1,7,428,5,315,47%,2%,0.5,42,84.90%,29%,39%,2,158,153
23-2-FA23-7-266,Breathable Jersey Scarf | Ocean Blue,Scarves,Breathable,Carry over,7.7,39,94,23/5/2024,1,4,135,4,135,48%,1%,0.9,6.7,77.20%,0%,9%,0,417,413
25-1-SU25-14-411,Gathered Neck Dress | White Pepper,Dresses,Casual,Summer25,18.73,129,40,5/6/2025,1,5,549,4,495,63%,2%,1,1.3,84.90%,20%,34%,1,117,113
25-3-FA25-3-100,Knitted Collar Dress | Black,Dresses,Casual,Fall25.1,16.35,104,20,21/10/2025,1,7,616,4,373,49%,2%,0.7,32.3,82.50%,43%,37%,3,135,131
24-1-SU24-2-279,Linen Sleeveless Dress | Rose Dust,Dresses,(none),Summer24,14.25,89,92,4/6/2024,1,5,365,4,297,69%,1%,0.8,12,80.80%,20%,33%,1,57,53
25-1-SU25-32-388,Crepe Dress | Moss Gray,Dresses,Casual,Summer25,20.38,104,40,5/6/2025,1,4,346,4,346,91%,2%,0.9,14.7,76.40%,0%,33%,0,48,44
25-1-SU25-37-147,Woven Abaya Short | Pastel Orange,Outerwear,Abaya,Summer25,12.91,98,40,5/6/2025,1,4,335,4,335,77%,2%,1,15.3,84.60%,0%,25%,0,92,88
24-1-FA24-10-340,Essential Dress Regular | Leaf,Dresses,Dress,Spring25.2,16.59,90,52,12/3/2025,1,5,384,4,310,62%,1%,1,7.3,78.60%,20%,32%,1,184,180
25-2-SP25-11-100,Classic Dress | Black,Dresses,Casual,Spring25.2,11.58,89,52,13/3/2025,1,5,297,4,224,97%,2%,0.9,58.3,79.30%,20%,27%,1,22,18
24-1-SU24-1-279,Batsleeve Abaya | Rose Dust,Outerwear,Abaya,Summer24,19.86,129,93,29/5/2024,1,5,528,4,431,97%,1%,0.8,13.3,81.60%,20%,36%,1,10,6
24-2-SU24-7-355,Premium Jersey Prayer Skirt | Desert Brown,Bottoms,Skirts,Spring25.1,11.36,49,26,12/9/2025,1,4,157,4,157,100%,4%,1.9,-3.3,71.00%,0%,22%,0,4,0
25-1-SP25-30-377,Satin Bias Skirt | Brown Rice,Bottoms,Skirts,Spring25.2,9.74,69,52,12/3/2025,1,4,229,4,229,100%,2%,0.7,33.3,83.00%,0%,47%,0,4,0
25-1-SP25-27-355,Pleated Neck Dress | Desert Brown,Dresses,Casual,Spring25.2,14.88,129,52,13/3/2025,1,6,641,4,492,79%,1%,1.1,27.7,87.90%,33%,36%,2,155,151
25-1-SU25-12-411,Sleeveless Dress | White Pepper,Dresses,Casual,Summer25,13.3,89,40,5/6/2025,1,4,295,4,295,43%,1%,0.6,9.3,82.00%,0%,46%,0,173,169
23-2-SU25-63-407,The Moroccan Premium | Powder Sand,Scarves,Decorative,Summer25,7.22,55,40,5/6/2025,1,4,183,4,183,56%,1%,0.8,2.7,84.20%,0%,28%,0,162,158
23-2-SU25-64-417,The Wave Premium | Ash Cloud,Scarves,Decorative,Summer25,7.22,55,40,5/6/2025,1,4,190,4,190,31%,1%,1,4,84.80%,0%,7%,0,257,253
25-1-FA25-4-437,Tailored Oversized Blazer | Desert Clay,Outerwear,Blazer,Fall25.1,15.39,109,20,21/10/2025,1,4,361,4,361,24%,1%,0.4,12.7,83.00%,0%,30%,0,245,241
24-1-FA24-11-357,Essential Dress Short | Mocha,Dresses,Essential,Spring25.1,16.42,90,26,12/9/2025,1,5,373,4,299,63%,2%,0.8,-0.3,78.00%,20%,36%,1,147,143
25-1-FA25-2-162,Tailored Pants | Dark Brown,Bottoms,Pants,Fall25.1,10.55,74,20,21/10/2025,1,7,442,4,258,89%,4%,0.9,61,87.70%,43%,38%,3,32,28
24-1-FA24-10-324,Essential Dress Regular | Mink,Dresses,Dress,(none),13.12,90,73,17/10/2024,1,4,298,4,298,89%,1%,0.8,22,82.40%,0%,35%,0,112,108
24-1-FA24-10-355,Essential Dress Regular | Desert Brown,Dresses,Essential,Spring25.1,16.42,90,26,12/9/2025,1,4,299,4,299,87%,3%,0.6,-2.3,78.00%,0%,31%,0,52,48
25-1-SP25-29-355,Elasticated Waist Taillored Pants | Desert Brown,Bottoms,Pants,Spring25.2,12.4,79,52,12/3/2025,1,4,299,4,299,89%,2%,0.7,60.3,83.40%,0%,36%,0,55,51
25-1-SU25-6-406,Sleeveless Woven Dress Regular | Sorbet,Dresses,Casual,Summer25,9.26,69,40,5/6/2025,1,4,229,4,229,64%,2%,0.6,10.3,83.80%,0%,33%,0,208,204
24-1-SP24-23-257,Essential Abaya | Biscuit,Outerwear,Abaya,Carry over,14.75,130,94,23/5/2024,1,6,572,4,421,100%,1%,1.2,3.7,86.00%,33%,34%,2,5,1
25-1-SP25-40-100,Lurex Embroidered Kaftan Dress | Black,Dresses,Occasion,Spring25.2,16.44,139,52,13/3/2025,1,6,744,4,512,68%,1%,1.3,37.3,87.20%,33%,27%,2,183,179
25-1-SU25-13-411,Front Tie Top | White Pepper,Tops,Blouse,Summer25,12.52,75,40,5/6/2025,1,4,248,4,248,95%,2%,0.9,17.3,79.80%,0%,27%,0,24,20
25-1-SU25-5-100,Woven Abaya Regular | Black,Outerwear,Abaya,Summer25,12.91,98,40,5/6/2025,1,4,325,4,325,100%,2%,1.5,19,84.10%,0%,20%,0,4,0
25-4-SU25-62-151,The Mini Canvas Bag | Almond,Accessories,Bags,Summer25,13.75,75,40,5/6/2025,1,4,249,4,249,55%,1%,0.6,2.3,78.00%,0%,19%,0,135,131
25-1-FA25-5-374,Shawl Dress | Khaki,Dresses,Occasion,Fall25.2,13.63,119,16,17/11/2025,1,8,788,4,394,46%,3%,1.6,4,86.20%,50%,31%,4,88,84
25-1-FA25-19-438,Wool Blend Abaya | Cloud White,Outerwear,Coat,Fall25.1,21.98,139,20,21/10/2025,1,13,"1,382",4,461,58%,3%,0.9,40,80.90%,69%,35%,9,108,104
24-2-SU24-9-100,Sleeveless Hijab Top | Black,Tops,Hijab tops,Summer24,7.13,49,92,4/6/2024,1,4,161,4,161,78%,1%,0.9,21,82.30%,0%,14%,0,131,127
24-2-SP24-3-374,Breathable Khimaar | Khaki,Hijab/khimaar,Khimaar,Spring25.1,12.22,59,26,12/9/2025,1,4,198,4,198,21%,1%,0.6,-0.3,75.30%,0%,17%,0,403,399
25-1-SU25-21-143,Drop Waist Dress | Taupe,Dresses,Casual,Summer25,21.35,109,40,5/6/2025,1,6,567,4,459,66%,2%,1,1.7,81.40%,33%,44%,2,194,190
25-1-SU25-6-405,Sleeveless Woven Dress Regular | Lake,Dresses,Casual,Summer25,9.26,69,40,5/6/2025,1,4,228,4,228,74%,2%,0.6,7.3,83.70%,0%,26%,0,100,96
23-2-SU25-64-415,The Wave Premium | Light Mint,Scarves,Decorative,Summer25,7.22,55,40,5/6/2025,1,4,189,4,189,26%,1%,1.3,5,84.70%,0%,7%,0,276,272
25-1-SU25-5-406,Woven Abaya Regular | Sorbet,Outerwear,Abaya,Summer25,12.91,98,40,5/6/2025,1,4,325,4,325,95%,2%,0.9,26,84.10%,0%,27%,0,30,26
23-2-FA23-5-282,Essential Legging | Sand,Bottoms,Leggings,Carry over,11.41,45,8,13/1/2026,1,4,149,4,149,47%,5%,0.8,-2,69.30%,0%,11%,0,353,349
25-1-FA25-2-100,Tailored Pants | Black,Bottoms,Pants,Fall25.1,10.55,74,20,21/10/2025,1,9,552,4,233,40%,2%,0.9,26.3,77.40%,56%,31%,5,172,168
24-1-FA24-11-321,Essential Dress Short | Dusty Indigo,Dresses,Dress,(none),13.12,90,73,17/10/2024,1,6,448,4,300,100%,1%,1.1,29.7,82.50%,33%,29%,2,6,2
24-2-SU24-7-164,Premium Jersey Prayer Skirt | Ash Brown,Bottoms,Skirts,Carry over,11.52,49,26,12/9/2025,1,8,331,4,168,94%,4%,3.6,2,72.60%,50%,25%,4,45,41
24-2-SP24-3-172,Breathable Khimaar | Dark Moss,Hijab/khimaar,Khimaar,Spring25.1,12.22,59,26,12/9/2025,1,4,186,4,186,16%,1%,0.6,-0.7,73.70%,0%,18%,0,347,343
25-1-SU25-29-143,Satin Cape Top | Taupe,Tops,Blouse,Summer25,11.55,79,40,5/6/2025,1,6,396,4,240,87%,2%,1.4,9.3,80.80%,33%,41%,2,67,63
25-1-SU25-36-147,Sleeveless Woven Dress Short | Pastel Orange,Dresses,Casual,Summer25,9.26,69,40,5/6/2025,1,4,237,4,237,75%,2%,0.8,14,84.40%,0%,25%,0,104,100
25-4-FA25-13-100,Maxi Oval Bag | Black,Accessories,Bags,Fall25.2,11.87,79,16,17/11/2025,1,7,459,4,262,13%,1%,0.5,2,81.90%,43%,26%,3,254,250
1.57115E+13,Dark Brown Notebook,(none),(none),(none),0,0,13,11/12/2025,1,4,56,4,56,90%,7%,1,1.7,100.00%,0%,0%,0,6,2
25-2-SU25-3-388,Summer Jersey Top | Moss Gray,Tops,Ls top,Summer25,8.93,59,40,5/6/2025,1,6,294,4,244,93%,2%,1.3,7.3,85.40%,33%,32%,2,43,39
25-3-FA25-11-374,Ribbed Knit Sweater | Khaki,Tops,Sweaters,Fall25.1,9.93,94,20,21/10/2025,1,10,774,4,311,36%,2%,1,50.3,87.20%,60%,31%,6,337,333
25-4-SU25-54-427,The Summer Tote | Natural,Accessories,Bags,Summer25,12.26,79,40,5/6/2025,1,4,261,4,261,97%,2%,0.7,15.7,81.20%,0%,14%,0,13,9
23-2-FA23-7-371,Breathable Jersey Scarf | Birch,Scarves,Breathable,Spring25.1,7.31,39,26,12/9/2025,1,4,129,4,129,100%,4%,5.9,4.7,77.30%,0%,9%,0,4,0
25-1-SP25-19-355,Bias Cut Skirt | Desert Brown,Bottoms,Skirts,Spring25.2,12.22,69,52,13/3/2025,1,4,239,4,239,100%,2%,0.8,86,79.50%,0%,40%,0,6,2
25-1-SU25-28-143,Satin Wide Leg Pants | Taupe,Bottoms,Pants,Summer25,11.4,74,40,5/6/2025,1,5,310,4,249,90%,2%,1.1,8,81.70%,20%,35%,1,40,36
25-2-SU25-4-388,Summer Jersey Pants | Moss Gray,Bottoms,Pants,Summer25,9.71,64,40,5/6/2025,1,4,212,4,212,62%,2%,0.9,0.7,81.70%,0%,34%,0,233,229
25-1-FA25-7-374,Satin Skirt | Khaki,Bottoms,Skirts,Fall25.2,9.67,79,16,17/11/2025,1,5,328,4,262,17%,1%,0.6,2.3,85.30%,20%,22%,1,141,137
1.57115E+13,Dark Cherry note book,(none),(none),(none),0,0,13,11/12/2025,1,4,56,4,56,72%,5%,0.6,1.7,100.00%,0%,0%,0,11,7
23-2-FA23-10-295,The Pearl Monogram - Premium Jersey | Misty Green,Scarves,Decorative scarves,Carry over,8.68,55,92,8/6/2024,1,4,183,3,137,56%,1%,1,13.3,81.00%,25%,9%,1,328,325
24-1-SP24-22-100,Essential Dress | Black,Dresses,Dress,Carry over,13.97,90,94,23/5/2024,1,3,225,3,225,79%,1%,0.6,4,81.40%,0%,23%,0,276,273
24-2-SP24-6-356,Premium Jersey Khimaar | Eiffel Tower,Hijab/khimaar,Khimaar,Spring25.1,11.86,49,26,12/9/2025,1,4,163,3,122,100%,4%,1.3,-2.3,70.80%,25%,12%,1,3,0
25-1-SP25-19-100,Bias Cut Skirt | Black,Bottoms,Skirts,Spring25.2,12.22,69,52,12/3/2025,1,4,238,3,180,85%,2%,1,44.7,79.70%,25%,30%,1,116,113
23-2-FA23-10-382,The Pearl Monogram - Premium Jersey | Lint,Scarves,Decorative,Spring25.2,8.64,55,52,13/3/2025,1,4,196,3,151,100%,2%,0.8,36,82.80%,25%,12%,1,3,0
24-2-SP24-9-257,Dull Satin Edge Scarf | Biscuit,Scarves,Decorative scarves,Carry over,5.39,59,94,23/5/2024,1,3,98,3,98,83%,1%,0.6,2.7,83.40%,0%,23%,0,37,34
24-2-SP24-11-191,The Curved Premium | Dusty Orange,Scarves,Decorative scarves,Carry over,7.17,55,73,17/10/2024,1,3,137,3,137,100%,1%,0.9,4.7,84.40%,0%,9%,0,3,0
25-1-SP25-1-100,Essential Soft Woven Abaya Regular | Black,Outerwear,Abaya,Spring25.1,14.77,130,26,12/9/2025,1,4,432,3,389,59%,2%,0.6,-4,88.60%,25%,37%,1,157,154
25-1-SU25-38-419,The Wave Breathable | Straw,Scarves,Decorative,Summer25,8.73,55,40,5/6/2025,1,3,137,3,137,95%,2%,0.8,14.7,80.80%,0%,12%,0,26,23
25-1-SU25-11-100,Wrap Skirt | Black,Bottoms,Skirts,Summer25,12.42,75,40,5/6/2025,1,6,374,3,189,80%,2%,1.4,4.3,80.30%,50%,26%,3,85,82
25-1-SP25-33-378,Box Fit Blazer | Grey Green,Outerwear,Blazer,Spring25.2,19.75,109,52,12/3/2025,1,5,453,3,380,76%,1%,1.1,22.7,84.40%,40%,29%,2,218,215
23-2-FA23-15-257,The Unique - Breathable Jersey | Biscuit,Scarves,Decorative scarves,Carry over,12,59,13,10/12/2025,1,3,97,3,97,85%,6%,0.5,0.3,62.90%,0%,12%,0,56,53
25-1-SP25-22-377,Satin Classic Blazer | Brown Rice,Outerwear,Blazer,Spring25.2,14.79,99,52,12/3/2025,1,4,328,3,246,83%,2%,0.6,41.7,82.00%,25%,38%,1,56,53
25-3-FA25-2-436,Knitted Cable Pants | Porcelain,Bottoms,Pants,Fall25.1,9.49,74,20,21/10/2025,1,6,306,3,122,27%,1%,0.5,8.3,69.00%,50%,29%,3,158,155
25-2-SP25-2-382,Bamboo Hijab Top | Lint,Tops,Ls top,Spring25.2,8.08,49,52,13/3/2025,1,3,122,3,122,44%,1%,0.5,1.7,80.00%,0%,10%,0,73,70
25-1-SU25-36-143,Sleeveless Woven Dress Short | Taupe,Dresses,Casual,Summer25,9.26,69,40,5/6/2025,1,4,230,3,200,89%,2%,1,11.7,86.10%,25%,30%,1,46,43
25-1-SU25-5-367,Woven Abaya Regular | Warm Butter,Outerwear,Abaya,Summer25,12.91,98,40,5/6/2025,1,6,406,3,243,72%,2%,1.4,7,84.10%,50%,30%,3,165,162
25-2-FA25-4-131,Comfy Skirt | Chocolate,Bottoms,Skirts,Fall25.1,13.1,69,20,21/10/2025,1,8,343,3,286,41%,2%,0.5,17.7,86.20%,63%,30%,5,107,104
26-4-GB-14-314,Rose Scarf Gift Box | Multi Color,Scarves,Breathable,(none),36.7,130,1,6/3/2026,1,3,322,3,322,100%,1%,5.9,3.5,65.80%,0%,0%,0,3,0
25-1-SU25-22-143,Summer Shirt | Taupe,Tops,Shirt,Summer25,14.07,79,40,5/6/2025,1,3,207,3,207,49%,1%,0.6,-3,79.60%,0%,55%,0,305,302
25-1-SU25-5-405,Woven Abaya Regular | Lake,Outerwear,Abaya,Summer25,12.91,98,40,5/6/2025,1,3,242,3,242,96%,2%,0.5,12.3,84.00%,0%,22%,0,16,13
25-1-SU25-13-433,Front Tie Top | Warm Khaki,Tops,Blouse,Summer25,12.52,75,40,5/6/2025,1,3,186,3,186,93%,2%,0.5,13,79.90%,0%,26%,0,35,32
25-3-FA25-4-131,Knitted Abaya | Chocolate,Outerwear,Coat,Fall25.1,17.58,119,20,21/10/2025,1,5,498,3,299,17%,1%,0.8,27.7,76.50%,40%,30%,2,483,480
25-2-SP25-9-355,Essential Jersey Dress Short | Desert Brown,Dresses,Essential,Spring25.1,9.44,89,26,12/9/2025,1,8,603,3,218,98%,4%,1.9,-5.7,87.00%,63%,50%,5,8,5
25-2-SP25-5-100,Soft Rayon Pants | Black,Bottoms,Pants,Spring25.1,16.61,69,26,12/9/2025,1,7,388,3,172,93%,3%,1.2,-1,71.00%,57%,28%,4,26,23
25-1-SU25-6-367,Sleeveless Woven Dress Regular | Warm Butter,Dresses,Casual,Summer25,9.26,69,40,5/6/2025,1,6,344,3,200,62%,2%,1.4,5,86.10%,50%,35%,3,222,219
25-3-FA25-4-100,Knitted Abaya | Black,Outerwear,Coat,Fall25.1,17.58,119,20,21/10/2025,1,8,730,3,239,25%,1%,0.8,30.7,77.90%,63%,33%,5,374,371
25-1-SP25-22-378,Satin Classic Blazer | Grey Green,Outerwear,Blazer,Spring25.2,14.79,99,52,12/3/2025,1,4,349,3,267,80%,2%,0.6,44.7,83.40%,25%,38%,1,62,59
25-1-SU25-17-427,Summer Fil Coupé Abaya | Natural,Outerwear,Abaya,Summer25,17.78,109,40,5/6/2025,1,3,294,3,294,99%,2%,0.5,4,81.80%,0%,29%,0,6,3
25-4-SU25-62-431,The Mini Canvas Bag | Ivory,Accessories,Bags,Summer25,13.75,75,40,5/6/2025,1,5,311,3,218,52%,1%,1,1.3,81.00%,40%,18%,2,144,141
25-2-SP25-14-100,Structured Satin Edge Scarf | Black,Scarves,Decorative,Spring25.2,5.42,59,52,13/3/2025,1,3,146,3,146,100%,2%,0.6,49.3,88.90%,0%,18%,0,3,0
25-2-SU25-3-143,Summer Jersey Top | Taupe,Tops,Ls top,Summer25,8.93,59,40,5/6/2025,1,4,197,3,147,99%,2%,0.6,17.7,81.80%,25%,33%,1,10,7
25-1-FA25-11-162,Trench Abaya | Dark Brown,Outerwear,Coat,Fall25.1,24.62,149,20,21/10/2025,1,44,"5,474",3,406,99%,5%,10.6,244.7,81.80%,93%,25%,41,9,6
23-1-FA23-12-355,City Girl Bag | Desert Brown,Accessories,Tote bags,Spring25.1,6.27,24,55,17/2/2025,1,3,40,3,40,98%,2%,0.6,26.3,52.60%,0%,35%,0,13,10
25-1-SP25-27-366,Pleated Neck Dress | Dark Pearl,Dresses,Casual,Spring25.2,14.88,129,52,13/3/2025,1,4,454,3,411,56%,1%,0.8,22.7,89.10%,25%,42%,1,326,323
25-1-SU25-13-100,Front Tie Top | Black,Tops,Blouse,Summer25,12.52,75,40,5/6/2025,1,3,186,3,186,100%,2%,0.8,11.3,79.80%,0%,23%,0,3,0
25-2-SU25-3-100,Summer Jersey Top | Black,Tops,Ls top,Summer25,8.93,59,40,5/6/2025,1,3,130,3,130,98%,2%,0.8,16,79.40%,0%,23%,0,12,9
25-3-FA25-3-131,Knitted Collar Dress | Chocolate,Dresses,Casual,Fall25.1,16.35,104,20,21/10/2025,1,6,516,3,256,58%,3%,0.8,56.7,80.80%,50%,35%,3,152,149
25-2-FA25-4-438,Comfy Skirt | Cloud White,Bottoms,Skirts,Fall25.1,13.1,69,20,21/10/2025,1,4,230,3,172,42%,2%,0.3,11,77.10%,25%,37%,1,68,65
25-1-FA25-9-162,Flared Trousers | Dark Brown,Bottoms,Pants,Fall25.1,14.07,84,20,21/10/2025,1,8,557,3,220,80%,4%,0.9,32,80.80%,63%,30%,5,37,34
25-2-FA25-4-100,Comfy Skirt | Black,Bottoms,Skirts,Fall25.2,13.1,69,16,17/11/2025,1,6,344,3,172,33%,2%,0.3,3.3,77.10%,50%,23%,3,69,66
25-3-FA25-12-100,Ribbed Knit Skirt | Black,Bottoms,Skirts,Fall25.1,8.62,89,20,21/10/2025,1,6,455,3,235,45%,2%,0.6,23.7,89.00%,50%,32%,3,128,125
24-2-SP24-7-295,Premium Jersey Hijab | Misty Green,Hijab/khimaar,(none),Carry over,6.16,25,92,4/6/2024,1,3,63,3,63,100%,1%,0.7,21,70.50%,0%,21%,0,3,0
25-1-SU25-5-277,Woven Abaya Regular | Moon Grey,Outerwear,Abaya,Summer25,12.91,98,40,5/6/2025,1,4,327,3,246,96%,2%,0.6,13.7,84.20%,25%,24%,1,12,9
25-1-FA25-17-100,Wool Bomber | Black,Outerwear,Bomber,Fall25.2,23.91,129,16,17/11/2025,1,8,871,3,348,66%,4%,1.4,4,79.40%,63%,28%,5,104,101
25-3-FA25-6-162,Brushed Knit Abaya | Dark Brown,Outerwear,Coat,Fall25.2,22.86,139,16,17/11/2025,1,11,"1,296",3,332,56%,3%,0.9,-24.7,79.30%,73%,43%,8,243,240
25-1-SU25-25-388,Poplin Dress | Moss Gray,Dresses,Casual,Summer25,17.95,109,40,5/6/2025,1,3,271,3,271,89%,2%,0.5,15.3,80.10%,0%,51%,0,48,45
23-2-FA23-5-162,Essential Legging | Dark Brown,Bottoms,Leggings,Fall25.1,10.85,45,8,13/1/2026,1,5,194,3,119,92%,10%,0.4,-1.3,81.80%,40%,10%,2,67,64
24-1-FA24-11-337,Essential Dress Short | Dusty Olive,Dresses,Dress,(none),13.12,90,73,17/10/2024,1,7,524,3,227,100%,1%,1.4,45.3,82.60%,57%,31%,4,5,2
25-1-FA25-13-438,Wool Blend Sweater | Cloud White,Tops,Sweaters,Fall25.1,14.07,89,20,21/10/2025,1,6,443,3,222,41%,2%,0.3,18,81.00%,50%,55%,3,80,77
24-2-SP24-6-366,Premium Jersey Khimaar | Dark Pearl,Hijab/khimaar,Khimaar,Spring25.1,11.86,49,26,12/9/2025,1,5,204,2,82,100%,4%,3.5,-4,71.00%,60%,16%,3,2,0
24-2-FA24-22-377,Bamboo Tube Underscarf | Brown Rice,Scarves,Underscarf,Carry over,2.08,15,40,5/6/2025,1,2,25,2,25,100%,2%,1,5.3,83.20%,0%,10%,0,2,0
25-2-FA25-8-438,Boucle Jersey Pants | Cloud White,Bottoms,Pants,Fall25.1,14.95,89,20,21/10/2025,1,3,147,2,74,42%,2%,0.4,30.3,59.30%,33%,42%,1,143,141
25-1-FA25-4-462,Tailored Oversized Blazer | Walnut,Outerwear,Blazer,Fall25.1,15.39,109,20,21/10/2025,1,5,452,2,181,24%,1%,0.5,24.7,83.00%,60%,33%,3,304,302
24-2-SP24-3-397,Breathable Khimaar | Soft Khaki Green,Hijab/khimaar,Khimaar,Carry over,12.22,59,26,12/9/2025,1,2,98,2,98,13%,0%,0.3,0,74.90%,0%,15%,0,440,438
25-1-SP25-30-378,Satin Bias Skirt | Grey Green,Bottoms,Skirts,Spring25.2,9.74,69,52,12/3/2025,1,3,171,2,114,97%,2%,0.6,32.3,82.90%,33%,43%,1,6,4
25-1-SP25-22-366,Satin Classic Blazer | Dark Pearl,Outerwear,Blazer,Spring25.2,14.79,99,52,12/3/2025,1,2,165,2,165,96%,2%,0.5,69,82.10%,0%,45%,0,14,12
25-3-FA25-6-438,Brushed Knit Abaya | Cloud White,Outerwear,Coat,Fall25.2,22.86,139,16,17/11/2025,1,5,575,2,235,35%,2%,0.5,-6.7,80.50%,60%,40%,3,215,213
24-2-SP24-18-248,Jersey Modal Skirt | Deep Brown,Bottoms,Skirts,Carry over,10.93,69,94,23/5/2024,1,2,57,2,57,100%,1%,0.6,1.3,61.70%,0%,18%,0,3,1
25-1-FA25-15-466,Weightless Woven Scarf | Wood Gradient,Scarves,Modal,Fall25.2,6.59,45,16,17/11/2025,1,5,186,2,74,11%,1%,0.6,3.3,82.10%,60%,14%,3,457,455
25-1-FA25-2-462,Tailored Pants | Walnut,Bottoms,Pants,Fall25.1,10.55,74,20,21/10/2025,1,4,245,2,122,31%,1%,0.4,16.3,82.80%,50%,32%,2,137,135
23-2-SU23-3-120,Essential Legging | Cream White,Bottoms,Leggings,Essentials,10.05,45,92,8/6/2024,1,3,117,2,80,100%,1%,0.5,-0.7,74.90%,33%,11%,1,2,0
24-2-FA24-20-382,Bamboo Headband | Lint,Hijab/khimaar,Hijab,Spring25.2,1.78,10,52,13/3/2025,1,2,19,2,19,65%,1%,0.3,2,81.10%,0%,14%,0,53,51
25-1-SU25-26-388,Poplin Shirt | Moss Gray,Tops,Shirt,Summer25,10.87,74,40,5/6/2025,1,3,200,2,169,30%,1%,0.6,1.7,87.20%,33%,53%,1,322,320
25-1-FA25-7-463,Satin Skirt | Leopard,Bottoms,Skirts,Fall25.2,10.99,79,16,17/11/2025,1,3,198,2,131,35%,2%,0.4,0,83.20%,33%,23%,1,106,104
24-2-SS24-2-124,Premium Jersey Hijab | Artichoke,Hijab/khimaar,(none),Spring24.2,2.58,25,0,Not yet launched,1,2,41,2,41,72%,0%,0.8,8.3,87.60%,0%,25%,0,72,70
24-1-SU24-16-100,Satin Edge Scarf | Black,Scarves,Decorative scarves,Summer24,5.42,59,92,4/6/2024,1,2,98,2,98,99%,1%,0.5,1.7,88.90%,0%,20%,0,4,2
24-1-FA24-10-327,Essential Dress Regular | Pebble,Dresses,Essential,Spring25.1,16.42,90,26,12/9/2025,1,3,224,2,149,78%,3%,0.5,-4.3,77.90%,33%,37%,1,84,82
23-2-FA23-8-392,Premium Jersey Scarf | Burgundy,Scarves,Premium,Fall25.2,5.99,25,55,17/2/2025,1,4,83,2,33,100%,2%,0.5,564,64.00%,50%,2%,2,4,2
24-2-FA24-21-405,Bamboo Tied Underscarf | Lake,Scarves,Underscarf,Carry over,2.87,19,40,5/6/2025,1,2,32,2,32,66%,2%,0.5,1.7,81.90%,0%,6%,0,51,49
25-1-SU25-7-388,Summer Stripe Abaya | Moss Gray,Outerwear,Abaya,Summer25,17.66,109,40,5/6/2025,1,2,181,2,181,73%,2%,0.5,10.7,80.50%,0%,31%,0,112,110
23-1-FA23-12-100,City Girl Bag | Black,Accessories,Tote bag,Carry over,6.27,24,55,17/2/2025,1,2,40,2,40,99%,2%,0.5,25,68.40%,0%,7%,0,18,16
25-1-SP25-10-355,Long Poncho | Desert Brown,Outerwear,Poncho,Spring25.1,20.21,109,26,12/9/2025,1,2,180,2,180,64%,2%,0.3,-0.3,77.60%,0%,31%,0,102,100
24-2-FA24-22-382,Bamboo Tube Underscarf | Lint,Scarves,Underscarf,Spring25.2,1.97,15,52,13/3/2025,1,2,25,2,25,74%,1%,0.3,3.7,84.20%,0%,8%,0,40,38
24-2-FA24-22-405,Bamboo Tube Underscarf | Lake,Scarves,Underscarf,Carry over,2.08,15,40,5/6/2025,1,2,25,2,25,45%,1%,0.3,2.7,83.40%,0%,4%,0,80,78
25-3-FA25-8-437,Brushed Knit Skirt | Desert Clay,Bottoms,Skirts,Fall25.2,11.78,79,16,17/11/2025,1,3,197,2,106,15%,1%,0.2,1.3,77.70%,33%,15%,1,190,188
25-2-FA25-5-440,Comfy Hoodie | White Honey,Tops,Sweater,Fall25.2,14.86,79,16,17/11/2025,1,4,276,2,145,5%,0%,0.3,3,89.70%,50%,16%,2,916,914
24-1-SU24-8-275,Weightless Woven Scarf | Light Blue,Scarves,Modal,Carry over,4.28,25,92,5/6/2024,1,3,68,2,47,33%,0%,0.6,10,81.80%,33%,19%,1,337,335
25-1-SU25-6-147,Sleeveless Woven Dress Regular | Pastel Orange,Dresses,Casual,Summer25,9.26,69,40,5/6/2025,1,2,115,2,115,63%,2%,0.3,10.7,83.90%,0%,22%,0,296,294
25-1-SU25-30-388,Short Satin Abaya | Moss Gray,Outerwear,Abaya,Summer25,12.42,89,40,5/6/2025,1,2,170,2,170,22%,1%,0.3,4.3,85.40%,0%,32%,0,652,650
23-2-FA23-5-388,Essential Legging | Moss Gray,Bottoms,Leggings,Carry over,11.41,45,8,13/1/2026,1,2,74,2,74,18%,2%,0.3,-1.3,69.30%,0%,20%,0,545,543
23-2-SU23-3-136,Essential Legging | Bone,Bottoms,Leggings,Essentials,10.05,45,92,8/6/2024,1,2,75,2,75,100%,1%,0.3,-1.7,73.10%,0%,11%,0,5,3
25-1-SU25-33-404,Shibori Kaftan Dress | Beige Rose,Dresses,Casual,Summer25,21.35,129,40,5/6/2025,1,3,319,2,210,23%,1%,0.5,0,79.70%,33%,41%,1,313,311
25-1-FA25-12-437,Straight Shirt | Desert Clay,Tops,Shirt,Fall25.1,14.07,89,20,21/10/2025,1,4,294,2,146,18%,1%,0.9,8,80.80%,50%,21%,2,223,221
24-1-SU24-8-405,Weightless Woven Scarf | Lake,Scarves,Modal,Carry over,4.15,25,40,5/6/2025,1,3,63,2,42,20%,0%,0.6,5.3,80.20%,33%,10%,1,414,412
23-1-FA23-9-136,Essential Abaya - Short | Bone,Outerwear,Abaya,Carry over,18.67,130,29,21/8/2025,1,2,215,2,215,100%,3%,0.3,0.3,82.60%,0%,32%,0,2,0
24-1-SU24-12-294,Poplin Long Shirt | Soft Taupe,Dresses,(none),Summer24,21.32,109,93,29/5/2024,1,2,182,2,182,99%,1%,0.5,77.3,76.50%,0%,59%,0,5,3
25-1-SP25-40-355,Lurex Embroidered Kaftan Dress | Desert Brown,Dresses,Occasion,Spring25.2,16.44,139,52,13/3/2025,1,3,344,2,229,100%,2%,0.5,104,85.70%,33%,41%,1,2,0
25-1-SU25-25-377,Poplin Dress | Brown Rice,Dresses,Casual,Summer25,17.95,109,40,5/6/2025,1,2,181,2,181,75%,2%,0.5,11,80.20%,0%,52%,0,76,74
25-1-SU25-5-276,Woven Abaya Regular | Light Moss,Outerwear,Abaya,Summer25,12.91,98,40,5/6/2025,1,2,164,2,164,99%,2%,0.3,12.3,84.30%,0%,24%,0,4,2
25-3-FA25-8-162,Brushed Knit Skirt | Dark Brown,Bottoms,Skirts,Fall25.2,11.78,79,16,17/11/2025,1,9,526,2,67,64%,4%,0.9,-7.3,64.80%,78%,43%,7,103,101
24-2-SU24-7-366,Premium Jersey Prayer Skirt | Dark Pearl,Bottoms,Skirts,Spring25.1,11.36,49,26,12/9/2025,1,7,285,2,81,99%,4%,1.8,-1.7,72.10%,71%,13%,5,8,6
24-2-SP24-3-323,Breathable Khimaar | Meteor,Hijab/khimaar,Khimaar,Spring25.1,12.22,59,26,12/9/2025,1,2,98,2,98,15%,1%,0.5,0,74.90%,0%,18%,0,439,437
25-1-SP25-18-100,Volume Sleeve Top | Black,Tops,Blouse,Spring25.2,10.11,69,52,12/3/2025,1,5,287,2,174,95%,2%,0.9,49,88.40%,60%,33%,3,36,34
25-1-SU25-21-305,Drop Waist Dress | Sunset Yellow,Dresses,Casual,Summer25,21.35,109,40,5/6/2025,1,2,179,2,179,55%,1%,0.5,4.7,76.20%,0%,39%,0,217,215
25-2-SU25-4-143,Summer Jersey Pants | Taupe,Bottoms,Pants,Summer25,9.71,64,40,5/6/2025,1,3,160,2,106,74%,2%,0.5,13,81.70%,33%,34%,1,129,127
23-1-FA23-12-162,City Girl Bag | Dark Brown,Accessories,Tote bags,Fall25.1,6.57,24,20,21/10/2025,1,2,40,2,40,100%,5%,0.6,177.7,66.90%,0%,3%,0,2,0
25-3-FA25-1-436,Knitted Collar Cardigan | Porcelain,Tops,Cardigan,Fall25.1,14.95,89,20,21/10/2025,1,5,368,2,147,41%,2%,0.7,21,69.50%,60%,28%,3,134,132
25-3-FA25-7-438,Brushed Knit Sweater | Cloud White,Tops,Sweater,Fall25.2,13.54,84,16,17/11/2025,1,8,418,2,-35,48%,3%,0.8,3,-177.00%,75%,30%,6,148,146
25-4-FA25-11-469,The Mini Tote | Ash Brown,Accessories,Bags,Fall25.1,13.4,65,20,21/10/2025,1,3,177,2,124,100%,5%,1.9,57.7,100.00%,33%,15%,1,2,0
24-1-FA24-7-340,Essential Abaya Regular | Leaf,Outerwear,Abaya,Carry over,16.85,130,52,12/3/2025,1,4,431,2,216,99%,2%,0.9,11.7,84.40%,50%,30%,2,6,4
25-1-SP25-25-340,Curved Edge Abaya | Leaf,Outerwear,Abaya,Spring25.2,16.44,129,52,12/3/2025,1,2,213,2,213,46%,1%,0.5,15.3,84.60%,0%,23%,0,241,239
25-1-SP25-16-355,Plisse Gathered Dress | Desert Brown,Dresses,Occasion,Spring25.2,21.77,119,52,13/3/2025,1,2,198,2,198,19%,0%,0.3,19.3,78.00%,0%,55%,0,548,546
25-1-FA25-14-438,Wool Blend Skirt | Cloud White,Bottoms,Skirts,Fall25.1,13.19,84,20,21/10/2025,1,5,348,2,139,48%,2%,0.3,11,81.00%,60%,50%,3,45,43
24-2-SP24-13-265,The Flowy Premium | Misty Blue,Scarves,Decorative scarves,Carry over,8.57,64,94,23/5/2024,1,2,107,2,107,62%,1%,0.3,0.7,83.90%,0%,9%,0,143,141
25-1-SP25-38-283,Satin Trim Trouser | Soft Khaki,Bottoms,Pants,Spring25.2,12.68,69,52,12/3/2025,1,3,172,2,115,95%,2%,0.6,131.3,77.90%,33%,32%,1,27,25
25-1-SU25-30-143,Short Satin Abaya | Taupe,Outerwear,Abaya,Summer25,12.42,89,40,5/6/2025,1,2,148,2,148,28%,1%,0.5,4.3,83.30%,0%,31%,0,440,438
25-1-SU25-23-143,Summer Pants | Taupe,Bottoms,Pants,Summer25,13.1,74,40,5/6/2025,1,2,131,2,131,28%,1%,0.3,-2.3,80.00%,0%,61%,0,421,419
25-1-SU25-12-433,Sleeveless Dress | Warm Khaki,Dresses,Casual,Summer25,13.3,89,40,5/6/2025,1,3,221,2,147,53%,1%,0.5,4.7,81.90%,33%,41%,1,193,191
25-1-FA25-13-437,Wool Blend Sweater | Desert Clay,Tops,Sweaters,Fall25.1,14.07,89,20,21/10/2025,1,5,369,2,147,18%,1%,0.4,15,80.90%,60%,46%,3,193,191
24-1-SU24-10-100,Sleeveless Satin Dress | Black,Dresses,(none),Summer24,10.9,69,93,29/5/2024,1,2,115,2,115,98%,1%,0.3,17,81.00%,0%,36%,0,7,5
25-2-SP25-7-355,Soft Rayon Abaya | Desert Brown,Outerwear,Abaya,Spring25.1,21.29,98,26,12/9/2025,1,3,243,2,161,95%,4%,0.5,-6.3,73.60%,33%,38%,1,16,14
25-1-SP25-28-100,Double Sleeve Dress | Black,Dresses,Casual,Spring25.2,16.08,129,52,13/3/2025,1,6,641,2,172,75%,1%,1.4,40.7,81.30%,67%,31%,4,245,243
24-2-SU24-6-454,Liquid Jersey Scarf | Dark Pistachio,Scarves,Liquid,Fall25.1,5.62,25,20,21/10/2025,1,2,41,2,41,100%,5%,1,252,72.80%,0%,5%,0,2,0
25-3-FA25-2-131,Knitted Cable Pants | Chocolate,Bottoms,Pants,Fall25.1,9.49,74,20,21/10/2025,1,2,122,2,122,35%,2%,0.5,42.3,84.50%,0%,32%,0,268,266
24-2-SP24-18-100,Jersey Modal Skirt | Black,Bottoms,Skirts,Carry over,10.96,69,94,23/5/2024,1,7,353,2,198,88%,1%,1.9,1,88.90%,71%,24%,5,155,153
25-2-SP25-3-355,Pleated Shoulder Dress | Desert Brown,Dresses,Casual,Spring25.1,19.68,89,55,17/2/2025,1,2,148,2,148,99%,2%,0.3,36.3,73.50%,0%,48%,0,4,2
25-1-SU25-11-411,Wrap Skirt | White Pepper,Bottoms,Skirts,Summer25,12.42,75,40,5/6/2025,1,3,197,2,134,65%,2%,0.6,8,81.40%,33%,33%,1,145,143
24-1-FA24-10-321,Essential Dress Regular | Dusty Indigo,Dresses,Dress,(none),13.12,90,73,17/10/2024,1,2,160,2,160,90%,1%,0.3,30,83.60%,0%,36%,0,99,97
24-1-FA24-15-368,Satin Skirt | Soft Black,Bottoms,Skirts,Fall24,17.6,79,73,17/10/2024,1,3,222,2,156,98%,1%,0.5,6,77.50%,33%,37%,1,7,5
25-1-SP25-6-100,Frayed Hem Linen Dress | Black,Dresses,Casual,Spring25.1,23.14,109,26,12/9/2025,1,3,270,2,220,74%,3%,0.6,-1.7,79.00%,33%,30%,1,129,127
25-2-SP25-16-100,Double Draped Shoulder Dress | Black,Dresses,Casual,Spring25.2,14.52,98,52,13/3/2025,1,2,183,2,183,100%,2%,0.5,126.7,84.10%,0%,35%,0,4,2
25-1-SU25-37-143,Woven Abaya Short | Taupe,Outerwear,Abaya,Summer25,12.91,98,40,5/6/2025,1,2,175,2,175,98%,2%,0.7,9.3,85.30%,0%,28%,0,11,9
25-1-FA25-1-462,Tailored V-Neck Dress | Walnut,Dresses,Casual,Fall25.1,15.39,89,20,21/10/2025,1,10,753,2,173,31%,1%,1,23,82.20%,80%,43%,8,212,210
25-1-SP25-36-283,Kaftan Dress Short | Soft Khaki,Dresses,Occasion,Spring25.2,15.53,129,52,13/3/2025,1,2,214,1,108,100%,2%,0.9,83,85.60%,50%,43%,1,1,0
24-1-SP24-23-237,Essential Abaya | Light Sage,Outerwear,Abaya,Carry over,14.75,130,92,8/6/2024,1,2,215,1,107,100%,1%,0.5,0,86.30%,50%,25%,1,2,1
25-1-SU25-22-282,Summer Shirt | Sand,Tops,Shirt,Summer25,14.07,79,40,5/6/2025,1,2,133,1,99,16%,0%,0.5,6.3,85.90%,50%,49%,1,580,579
25-1-SU25-15-427,Summer Fil Coupé Blazer | Natural,Outerwear,Blazer,Summer25,20.94,119,40,5/6/2025,1,2,197,1,147,89%,2%,0.3,-0.3,85.80%,50%,35%,1,35,34
25-3-FA25-3-436,Knitted Collar Dress | Porcelain,Dresses,Casual,Fall25.1,16.35,104,20,21/10/2025,1,3,258,1,86,48%,2%,0.3,26,81.00%,67%,37%,2,90,89
25-3-FA25-1-131,Knitted Collar Cardigan | Chocolate,Tops,Cardigan,Fall25.1,14.95,89,20,21/10/2025,1,5,369,1,75,64%,3%,1,71,80.00%,80%,28%,4,144,143
24-2-SU24-7-163,Premium Jersey Prayer Skirt | Butter Cream,Bottoms,Skirts,Carry over,9.03,49,92,4/6/2024,1,3,123,1,69,64%,1%,0.5,5.3,86.90%,67%,23%,2,75,74
25-2-FA25-6-440,Comfy Pants | White Honey,Bottoms,Pants,Fall25.2,10.2,74,16,17/11/2025,1,2,135,1,73,4%,0%,0.2,1.7,100.00%,50%,15%,1,649,648
25-3-FA25-11-436,Ribbed Knit Sweater | Porcelain,Tops,Sweaters,Fall25.1,9.93,94,20,21/10/2025,1,5,289,1,-22,26%,1%,0.4,19.7,-100.00%,80%,37%,4,207,206
24-1-FA24-10-337,Essential Dress Regular | Dusty Olive,Dresses,Dress,(none),13.12,90,73,17/10/2024,1,3,224,1,75,94%,1%,0.7,45,82.50%,67%,32%,2,46,45
24-2-SU24-14-256,Essential Underscarf | Ash Rose,Scarves,Underscarf,Summer24,3.45,25,92,8/6/2024,1,4,83,1,31,39%,0%,0.8,5.3,88.80%,75%,19%,3,316,315
24-2-SP24-3-176,Breathable Khimaar | Dusty Bone,Hijab/khimaar,Khimaar,Spring25.1,12.22,59,26,12/9/2025,1,5,196,1,29,38%,1%,1.2,-1,58.40%,80%,19%,4,304,303
24-2-FA24-10-100,Rayon Abaya | Black,Outerwear,Abaya,Fall24,18.99,98,73,17/10/2024,1,2,163,1,82,100%,1%,0.4,28,76.70%,50%,21%,1,1,0
25-1-FA25-6-463,Shawl Shirt | Leopard,Tops,Shirt,Fall25.2,11.69,79,16,17/11/2025,1,4,229,1,31,25%,1%,0.5,-0.3,100.00%,75%,33%,3,121,120
25-1-SP25-33-278,Box Fit Blazer | Off White,Outerwear,Blazer,Spring25.2,19.75,109,52,12/3/2025,1,3,271,1,90,65%,1%,0.6,30,78.10%,67%,34%,2,301,300
25-1-SU25-29-377,Satin Cape Top | Brown Rice,Tops,Blouse,Summer25,11.55,79,40,5/6/2025,1,2,130,1,65,79%,2%,0.3,6.3,82.20%,50%,39%,1,99,98
24-1-SU24-8-367,Weightless Woven Scarf | Warm Butter,Scarves,Modal,Carry over,4.15,25,40,5/6/2025,1,2,42,1,21,43%,1%,0.8,20.3,80.10%,50%,12%,1,289,288
25-2-SP25-9-143,Essential Jersey Dress Short | Taupe,Dresses,Essential,Carry over,10.11,89,40,5/6/2025,1,3,222,1,74,99%,2%,0.7,7,86.30%,67%,27%,2,5,4
25-1-FA25-16-438,Wool Blend Dress | Cloud White,Dresses,Casual,Fall25.1,21.1,129,20,21/10/2025,1,3,322,1,105,15%,1%,0.3,10.3,79.90%,67%,57%,2,190,189
25-1-SU25-14-100,Gathered Neck Dress | Black,Dresses,Casual,Summer25,18.73,129,40,5/6/2025,1,3,338,1,178,87%,2%,0.9,6.7,89.50%,67%,29%,2,40,39
25-1-SU25-24-282,Summer Skirt | Sand,Bottoms,Skirts,Summer25,14.07,74,40,5/6/2025,1,3,184,1,123,28%,1%,0.6,3.3,88.60%,67%,44%,2,494,493
24-2-SU24-7-335,Premium Jersey Prayer Skirt | Blue Sapphire,Bottoms,Skirts,Carry over,11.52,49,68,21/11/2024,1,2,81,1,41,90%,1%,0.5,3.7,71.60%,50%,23%,1,26,25
25-1-SP25-3-100,Essential Soft Woven Dress Regular | Black,Dresses,Essential,Spring25.1,19.11,90,26,12/9/2025,1,3,223,1,164,46%,2%,0.5,-7,88.30%,67%,42%,2,210,209
25-2-SP25-8-355,Soft Rayon V-Neck Dress | Desert Brown,Dresses,Casual,Spring25.1,19.55,89,26,12/9/2025,1,2,149,1,111,84%,3%,0.3,-7.7,82.50%,50%,40%,1,36,35
25-2-SU25-2-305,Summer Jersey Kaftan Dress | Sunset Yellow,Dresses,Casual,Summer25,13.1,89,40,5/6/2025,1,3,222,1,110,90%,2%,0.6,-4.7,88.10%,67%,46%,2,58,57
25-3-FA25-5-162,Brushed Knit V-Neck Dress | Dark Brown,Dresses,Casual,Fall25.2,17.41,104,16,17/11/2025,1,4,344,1,82,37%,2%,0.3,-5.3,78.70%,75%,42%,3,220,219
25-1-SP25-46-378,Structured Tailored Dress | Grey Green,Dresses,Casual,Spring25.2,16.9,98,52,12/3/2025,1,2,159,1,127,54%,1%,0.3,13,86.70%,50%,31%,1,315,314
25-1-SP25-33-406,Box Fit Blazer | Sorbet,Outerwear,Blazer,Carry over,20.87,109,40,5/6/2025,1,2,182,1,145,61%,1%,0.5,4.3,85.60%,50%,24%,1,74,73
25-2-FA25-3-440,Comfy Sweater Dress | White Honey,Dresses,Casual,Fall25.2,14.07,95,16,17/11/2025,1,2,129,1,50,3%,0%,0.2,0.7,100.00%,50%,4%,1,787,786
25-1-SU25-37-367,Woven Abaya Short | Warm Butter,Outerwear,Abaya,Summer25,12.91,98,40,5/6/2025,1,2,163,1,80,85%,2%,0.4,11.7,83.90%,50%,34%,1,39,38
25-2-SP25-4-327,Soft Rayon Dress | Pebble,Dresses,Casual,Spring25.1,21.4,89,55,17/2/2025,1,2,147,1,74,100%,2%,0.5,51.7,70.90%,50%,51%,1,2,1
23-1-FA23-2-164,Satin Long Jacket | Ash Brown,Outerwear,Jacket,Fall23.2,26.99,140,94,23/5/2024,1,3,347,1,116,98%,1%,0.5,-8.7,76.70%,67%,37%,2,11,10
25-1-SP25-21-282,Asymmetric Pleated Tunic | Sand,Dresses,Casual,Carry over,16.98,109,40,5/6/2025,1,2,182,1,91,37%,1%,0.3,3.3,81.30%,50%,32%,1,276,275
25-1-SU25-38-377,The Wave Breathable | Brown Rice,Scarves,Decorative,Summer25,8.73,55,40,5/6/2025,1,2,91,1,64,45%,1%,0.3,7,86.40%,50%,6%,1,210,209
25-1-FA25-14-162,Wool Blend Skirt | Dark Brown,Bottoms,Skirts,Fall25.1,13.19,84,20,21/10/2025,1,2,140,0,1,61%,3%,0.2,36.7,100.00%,100%,51%,2,73,73
25-1-SP25-46-278,Structured Tailored Dress | Off White,Dresses,Casual,Spring25.2,16.9,98,52,13/3/2025,1,5,326,0,86,63%,1%,0.8,21.7,100.00%,100%,41%,5,249,249
25-1-SP25-23-282,Structured Tailored Pants | Sand,Bottoms,Pants,Carry over,13.68,74,40,5/6/2025,1,2,62,0,-43,39%,1%,0.5,1,-100.00%,100%,36%,2,266,266
25-2-SP25-9-327,Essential Jersey Dress Short | Pebble,Dresses,Essential,Spring25.1,9.44,89,26,12/9/2025,1,4,308,0,10,98%,4%,1.9,-9.3,100.00%,100%,49%,4,8,8
25-1-SU25-10-433,Wrap Abaya | Warm Khaki,Outerwear,Abaya,Summer25,17.47,109,40,5/6/2025,1,3,270,0,88,26%,1%,0.6,3.3,100.00%,100%,48%,3,453,453
25-1-FA25-6-374,Shawl Shirt | Khaki,Tops,Shirt,Fall25.2,10.11,79,16,17/11/2025,1,3,196,0,0,24%,1%,0.9,1,0.00%,100%,32%,3,115,115
25-1-FA25-5-463,Shawl Dress | Leopard,Dresses,Occasion,Fall25.2,15.21,119,16,17/11/2025,1,4,410,0,13,19%,1%,0.4,0,100.00%,100%,35%,4,132,132
25-3-FA25-7-162,Brushed Knit Sweater | Dark Brown,Tops,Sweater,Fall25.2,13.54,84,16,17/11/2025,1,10,628,0,-68,64%,4%,1,-11,-100.00%,100%,39%,10,177,177
25-3-FA25-7-437,Brushed Knit Sweater | Desert Clay,Tops,Sweater,Fall25.2,13.54,84,16,17/11/2025,1,3,209,0,-26,10%,1%,0.2,0.3,-100.00%,100%,34%,3,387,387
25-1-SU25-27-100,Poplin Pants | Black,Bottoms,Pants,Summer25,11.65,74,40,5/6/2025,1,2,137,0,76,19%,0%,0.3,1,100.00%,100%,51%,2,284,284
25-1-FA25-14-437,Wool Blend Skirt | Desert Clay,Bottoms,Skirts,Fall25.1,13.19,84,20,21/10/2025,1,3,209,0,-1,18%,1%,0.3,10,-100.00%,100%,53%,3,106,106
25-1-SU25-24-143,Summer Skirt | Taupe,Bottoms,Skirts,Summer25,14.07,74,40,5/6/2025,1,2,124,0,33,53%,1%,0.5,-1.7,100.00%,100%,43%,2,257,257
25-3-FA25-4-436,Knitted Abaya | Porcelain,Outerwear,Coat,Fall25.1,17.58,119,20,21/10/2025,1,2,0,0,-198,9%,0%,0.2,7.3,-100.00%,100%,33%,2,366,366
25-1-SP25-28-355,Double Sleeve Dress | Desert Brown,Dresses,Casual,Spring25.2,16.08,129,52,13/3/2025,1,4,427,-1,-106,99%,2%,2.7,167.7,-84.80%,125%,44%,5,3,4
25-2-SU25-3-305,Summer Jersey Top | Sunset Yellow,Tops,Ls top,Summer25,8.93,59,40,5/6/2025,1,3,41,-1,41,65%,2%,0.5,6.7,121.50%,133%,33%,4,160,161
25-1-FA25-16-437,Wool Blend Dress | Desert Clay,Dresses,Casual,Fall25.1,21.1,129,20,21/10/2025,1,2,241,-1,-78,7%,0%,0.3,7.7,-73.10%,150%,58%,3,306,307
25-1-FA25-11-437,Trench Abaya | Desert Clay,Outerwear,Coat,Fall25.1,24.62,149,20,21/10/2025,1,14,"1,731",-1,5,92%,4%,2.8,111.7,576.20%,107%,24%,15,33,34
25-3-FA25-8-438,Brushed Knit Skirt | Cloud White,Bottoms,Skirts,Fall25.2,11.78,79,16,17/11/2025,1,4,227,-1,-99,47%,3%,0.4,2,-76.20%,125%,31%,5,89,90
25-1-SP25-10-100,Long Poncho | Black,Outerwear,Poncho,Spring25.1,20.21,109,26,12/9/2025,1,3,270,-1,-46,68%,3%,0.6,-0.3,-56.30%,133%,34%,4,95,96
25-3-FA25-10-374,Ribbed Knit Dress | Khaki,Dresses,Casual,Fall25.1,11.87,129,20,21/10/2025,1,20,"2,145",-1,-92,68%,3%,2.9,102.3,-87.00%,105%,38%,21,162,163
25-1-FA25-16-162,Wool Blend Dress | Dark Brown,Dresses,Casual,Fall25.1,21.1,129,20,21/10/2025,1,8,854,-2,-216,19%,1%,0.6,32.7,-80.50%,125%,63%,10,330,332
25-3-FA25-10-436,Ribbed Knit Dress | Porcelain,Dresses,Casual,Fall25.1,11.87,129,20,21/10/2025,1,7,768,-2,-192,36%,2%,0.7,32,-87.60%,129%,51%,9,169,171
25-1-SU25-24-305,Summer Skirt | Sunset Yellow,Bottoms,Skirts,Summer25,14.07,74,40,5/6/2025,1,2,0,-2,0,14%,0%,0.3,3,0.00%,200%,46%,4,405,407
25-2-FA25-4-440,Comfy Skirt | White Honey,Bottoms,Skirts,Fall25.2,13.1,69,16,17/11/2025,1,4,115,-2,0,10%,1%,0.2,1,5558.30%,150%,45%,6,92,94
,,,,,,,,,,,,,,,,,,,,,,,
Total overall,,,,,,,,,547,"32,415","1,077,822","29,796","944,318",67%,1%,"3,943.00","22,805.20",79.10%,8%,16%,"2,619","214,102","184,306"